;news_id;news_title;news_link;news_subtit;news_rel
0;EP;"""España tiene que hacer frente a un inaceptable intento de secesión""";http://www.elperiodico.com/es//es/politica/20171020/rey-secesion-inaceptable-6368177;"0
				Comentarios";
1;EP;"Tajani llama a respetar ""el estado de Derecho""";http://www.elperiodico.com/es//es/politica/20171020/independencia-catalunya-cataluna-ultimas-noticias-6365856;"0
				Comentarios";
2;EP;El 155: elecciones en enero e intervención de Mossos;http://www.elperiodico.com/es//es/politica/20171020/rajoy-sanchez-elecciones-cataluna-enero-6366609;"0
				Comentarios";
3;EP;Unas 1.300 pymes han trasladado su sede;http://www.elperiodico.com/es//es/economia/20171020/pymes-traslada-sede-fuera-catalunya-pimec-6366856;"0
				Comentarios";
4;EP;BCN rechaza declarar al Rey persona non grata;http://www.elperiodico.com/es//es/barcelona/20171020/barcelona-rechaza-declarar-al-rey-persona-non-grata-6367106;"0
				Comentarios";
5;EP;La CUP quiere que los funcionarios frenen el 155;http://www.elperiodico.com/es//es/politica/20171020/cup-apuesta-funcionarios-hagan-inaplicable-articulo-155-6367005;"0
				Comentarios";
6;EP;El boicot a los bancos se queda en gesto simbólico;http://www.elperiodico.com/es//es/economia/20171020/el-boicot-independentistabancos-queda-gesto-simbolico-6366724;"0
				Comentarios";
7;EP;Exitosa parodia del vídeo de Òmnium en 'Polònia';http://www.elperiodico.com/es//es/politica/20171020/polonia-video-omnium-forget-catalonia-6366937;"0
				Comentarios";
8;EP;"Piqué se ríe del ""adoctrinamiento"" del hijo de Messi cantando en catalán";http://www.elperiodico.com/es//es/barca/20171020/el-hijo-de-messi-se-arranca-a-cantar-en-catalan-6367797;"0
				Comentarios";
9;EP;Bosé suspende la Gala del Sida en Madrid por la situación política;http://www.elperiodico.com/es//es/gente/20171020/miguel-bose-cristina-cifuentes-suspenden-gala-sida-madrid-crisis-politica-6367304;"0
				Comentarios";
10;EP;Imputado un alto cargo de Renfe por el accidente del Alvia;http://www.elperiodico.com/es//es/sociedad/20171020/imputados-alto-cargo-renfe-tres-tecnicos-ineco-por-accidente-del-alvia-6367978;INVESTIGACIÓN JUDICIAL;
11;EP;Muere el actor Federico Luppi a los 81 años;http://www.elperiodico.com/es//es/ocio-y-cultura/20171020/muere-federico-luppi-un-lugar-en-el-mundo-6367198;óbito;
12;EP;Escándalo sexual en la tele francesa;http://www.elperiodico.com/es//es/tele/20171020/escandalo-sexual-tele-francesa-6366618;SÍNDROME WEINSTEIN;
13;EP;Propuestas de ocio para el fin de semana en BCN;http://www.elperiodico.com/es//es/noticias/onbarcelona/a-la-ultima/que-hacer-barcelona-fin-semana-del-octubre-6366837;QUÉ HACER EN LA CIUDAD;
14;EP;'Esto no' contra 'Así no';http://www.elperiodico.com/es/opinion/20171020/esto-no-asi-no-proceso-independentista-choque-trenes-rajoy-jordi-sanchez-cuixart-6367860;EL CONFLICTO CATALÁN;
15;EP;Política para 'dummies';http://www.elperiodico.com/es/opinion/20171020/politica-dummies-proceso-independentista-justin-trudeau-quebec-6368070;EL PROCESO SOBERANISTA;
16;EP;Rajoy ordena mano dura;http://www.elperiodico.com/es/opinion/20171020/rajoy-ordena-mano-dura-marcal-sintes-articulo-el-periodico-catalunya-puigdemont-6368342;Análisis;
17;EP;Exilio;http://www.elperiodico.com/es/opinion/20171020/exilio-por-joan-olle-proces-junqueras-teatro-oneill-koltes-6367911;Peccata minuta;
18;EP;Cementos Molins traslada la sede a Madrid;http://www.elperiodico.com/es/economia/20171020/cementos-molins-traslada-la-sede-a-madrid-6367426;TENSIÓN EMPRESARIAL;
19;EP;¿Qué pasa con mi dinero en caso de independencia?;http://www.elperiodico.com/es/economia/20171019/dinero-independencia-cataluna-6363956;5 CLAVES;
20;EP;Endesa sufre un ataque de 'phishing';http://www.elperiodico.com/es/economia/20171020/endesa-ataque-phishing-correo-falso-6366666;ALERTA;
21;EP;La lista de las empresas que trasladan la sede;http://www.elperiodico.com/es/economia/20171020/empresas-se-van-de-cataluna-independencia-6335670;pulso secesionista;
22;EP;La UE exige a May más claridad con las cuentas del 'brexit';http://www.elperiodico.com/es/internacional/20171020/may-no-concretara-factura-del-brexit-hasta-e-acuerdo-final-6367382;CUMBRE EUROPEA;
23;EP;Obama y Bush cargan contra Trump;http://www.elperiodico.com/es/internacional/20171020/obama-y-bush-cargan-contra-las-politica-de-trump-6366610;TENSIÓN POLÍTICA EN EEUU;
24;EP;Xi se agarra a la silla en China;http://www.elperiodico.com/es/internacional/20171020/xi-se-agarra-a-la-silla-6366532;CONGRESO DEL PCCH;
25;EP;Visca Canvey Island!;http://www.elperiodico.com/es/internacional/20171020/la-isla-britanica-canvey-island-se-rebela-y-quiere-la-independencia-6367507;IMPULSO SECESIONISTA;
26;EP;Plantón estatal a Forn y Trapero en la escuela de los Mossos;http://www.elperiodico.com/es/politica/20171019/planton-del-estado-al-conseller-forn-en-la-escuela-de-los-mossos-6365441;ACTO ACADÉMICO;
27;EP;El 155 apunta a Interior, Economia y Presidència;http://www.elperiodico.com/es/politica/20171019/articulo-155-cataluna-gobierno-6363643;LA RESPUESTA;
28;EP;Colau se plantea romper con el PSC por su apoyo al 155;http://www.elperiodico.com/es/politica/20171019/colau-romper-pacto-psc-articulo-155-6365423;DEBATE EN BC;
29;EP;Roces diplomáticos entre España y Bélgica;http://www.elperiodico.com/es/politica/20171019/crisis-diplomatica-espana-belgica-cataluna-6364516;POR LA MEDIACIÓN;
30;EP;"Colectivos de emergencias denuncian ""caos total"" en los incendios de Galicia";http://www.elperiodico.com/es/sociedad/20171020/colectivos-de-emergencias-denuncian-descoordinacion-y-caos-total-en-los-incendios-de-galicia-6367706;Comparecencia;
31;EP;Cae la mayor red de tráfico de subsaharianos en pateras hacia Canarias;http://www.elperiodico.com/es/sociedad/20171020/cae-la-mayor-red-de-trafico-de-subsaharianos-en-pateras-hacia-canarias-6366543;Larga investigación;
32;EP;Identificados 800 turistas por el 'timo de la diarrea' en Baleares;http://www.elperiodico.com/es/sucesos-y-tribunales/20171020/identificados-800-turistas-por-el-timo-de-la-diarrea-en-baleares-6367589;Falsas intoxicaciones;
33;EP;El Banc dels Aliments busca 25.000 voluntarios para el Gran Recapte;http://www.elperiodico.com/es/sociedad/20171020/el-banc-dels-aliments-busca-25000-voluntarios-para-el-gran-recapte-6367121;los días 1 y 2 de diciembre;
34;EP;Márquez contra Dovizioso, corazón contra cabeza;http://www.elperiodico.com/es/motogp/20171020/motogp-marquez-contra-dovizioso-6367985;RECTA FINAL DEL MUNDIAL;
35;EP;Núria Picas, lección de altura;http://www.elperiodico.com/es/deportes/20171019/nuria-picas-leccion-de-altura-6365679;LA EXPERIENCIA DE UNA CAMPEONA;
36;EP;Josep Marín, el exmarchador de acero;http://www.elperiodico.com/es/deportes/20171020/josep-marin-exmarchador-ironman-hawai-triatlon-6367003;LA SEGUNDA VIDA DE UN DEPORTISTA;
37;EP;Agenda deportiva en televisión del fin de semana;http://www.elperiodico.com/es/deportes/20171020/agenda-deportiva-television-fin-semana-6366949;EL DEPORTE EN TV;
38;EP;Operación policial contra dos narcopisos del Raval;http://www.elperiodico.com/es/barcelona/20171020/operacion-policial-contra-dos-narcopisos-del-raval-calle-roig-6366713;VIVIENDAS OCUPADAS;
39;EP;Un atlas censa barrio a barrio las 83 especies de aves que anidan en BCN;http://www.elperiodico.com/es/medio-ambiente/20171019/atlas-aves-nidificantes-de-barcelona-6365357;Biodiversidad urbana;
40;EP;Guía de Open House, la 'grande bouffe' de la arquitectura;http://www.elperiodico.com/es/barcelona/20171019/guia-de-open-house-la-grande-bouffe-de-la-arquitectura-6365486;PUERTAS ABIERTAS;
41;EP;Primer punto de defensa de derechos laborales;http://www.elperiodico.com/es/mas-barcelona/20171015/ciutat-vella-estrena-el-primer-punto-de-defensa-de-derechos-laborales-de-barcelona-6354517;TRABAJO;
42;EP;De toda la vida;http://www.elperiodico.com/es/noticias/onbarcelona/cocinas/toda-vida-6360192;PARA FIARSE;
43;EP;'Los vecinos de arriba', una comedia para reír... o no;http://www.elperiodico.com/es/noticias/onbarcelona/mirar/los-vecinos-arriba-una-comedia-para-reir-6364599;teatro;
44;EP;No es fotografía, es Richard Estes;http://www.elperiodico.com/es/noticias/onbarcelona/mirar/fotografia-richard-estes-6359101;arte;
45;EP;Croqueta de pollo al curri de Albert Ventura;http://www.elperiodico.com/es/noticias/onbarcelona/cocinas/croqueta-pollo-curri-albert-ventura-6337245;la receta de mi vida;
46;EP;El pez que se comió el falo de Osiris;http://www.elperiodico.com/es/ocio-y-cultura/20171019/oxirrinco-25-anos-mision-arqueologica-egipto-6357160;EN TIERRA DE FARAONES;
47;EP;"Xavier Gens: ""A Sánchez Piñol le habría gustado ser Darwin""";http://www.elperiodico.com/es/ocio-y-cultura/20171019/entrevista-xavier-gens-estreno-adaptacion-la-pell-freda-la-piel-fria-albert-sanchez-pinol-6359928;DIRECTOR DE 'LA PELL FREDA';
48;EP;'Robinson', Kafka, Ignatius Reilly y Ricitos de Oro;http://www.elperiodico.com/es/ocio-y-cultura/20171020/robinson-novela-vicenc-pages-jorda-6368139;"0
				Comentarios";
49;EP;Los nombres clave del cartel del Primavera Club 2017;http://www.elperiodico.com/es/ocio-y-cultura/20171019/primavera-club-2017-lo-mejor-apolo-superorganism-happy-meals-amber-coffman-6365363;CITA ALTERNATIVA;
50;EP;Los autos locos de Astérix en Italia;http://www.elperiodico.com/es/ocio-y-cultura/20171019/entrevista-asterix-italia-ferri-conrad-6349483;NUEVO CÓMIC HOY A LA VENTA;
51;EP;El hijo de Messi canta en catalán y Piqué ironiza con el adoctrinamiento;http://www.elperiodico.com/es/barca/20171020/el-hijo-de-messi-se-arranca-a-cantar-en-catalan-6367797;VÍDEO EN INSTAGRAM;
52;EP;"Valverde: ""Los primeros cien días no han sido aburridos""";http://www.elperiodico.com/es/barca/20171020/valverde-previa-fc-barcelona-malaga-liga-6367742;EL BALANCE AZULGRANA;
53;EP;La federación española abre expediente al Reus por exhibir una gran 'senyera';http://www.elperiodico.com/es/deportes/20171020/la-federacion-espanola-abre-expediente-al-reus-por-exhibir-una-gran-senyera-6366567;POLÉMICA CON LA FEDERACIÓN;
54;EP;El KO más cobarde de la historia del boxeo;http://www.elperiodico.com/es/deportes/20171020/boxeo-descalificacion-golpe-traicion-6367092;GANCHO A TRAICIÓN;
55;EP;"Tarantino: ""Debí hacer más de lo que hice""";http://www.elperiodico.com/es/gente/20171020/tarantino-sobre-weinstein-sabia-lo-suficiente-para-hacer-mas-de-lo-que-hice-6366492;'caso weinstein';
56;EP;El 'clon' de Carlos Herrera en 'Late motiv';http://www.elperiodico.com/es/tele/20171020/carlos-herrera-clon-late-motiv-buenafuente-6366864;PERIODISTA DE COPE Y TVE;
57;EP;¿Cuándo es y en qué te afectará el cambio de hora?;http://www.elperiodico.com/es/extra/20171020/cambio-de-hora-octubre-2017-6346362;horario de invierno;
58;EP;Las redes se sorprenden del cambio físico de Mario Casas;http://www.elperiodico.com/es/gente/20171019/redes-sorprenden-cambio-fisico-mario-casas-6365440;EXIGENCIAS DEL GUION;
59;EP;El Supremo confirma el cierre de Canal 9;http://www.elperiodico.com/es/tele/20171019/tribunal-supremo-legalidad-cierre-canal-9-recurso-6365524;RECURSO;
60;EP;Kiko Rivera presume de físico;http://www.elperiodico.com/es/gente/20171019/kiko-rivera-cuerpo-antes-despues-6365279;CAMBIO DE HÁBITOS;
61;EP;Tristeza en Catalunya;http://www.elperiodico.com/es/entre-todos/participacion/tristeza-en-catalunya-145760;"Juanjo Palmero Barroso
Granollers";
62;EP;¿Qué opinas de la situación política en Catalunya?;http://www.elperiodico.com/es/entre-todos/tema/que-opinas-de-la-situacion-politica-en-catalunya-6790;El debate;
63;EP;A Sarajevo ningú creia en el malson d'una guerra;http://www.elperiodico.com/es/entre-todos/participacion/a-sarajevo-ningu-creia-en-el-malson-duna-guerra-145859;"Jaume Canet
Barcelona";
64;EP;Váyanse, señores Rajoy y Puigdemont, porque no nos sirven.;http://www.elperiodico.com/es/entre-todos/participacion/vayanse-no-nos-sirven-146279;"Maria Garcia Becerril
Barcelona";
65;EP;El 'seny' del Barça;http://www.elperiodico.com/es/entre-todos/participacion/seny-blaugrana-145979;"Eduardo López Laguarta
Terrassa";
66;EP;Un atlas censa barrio a barrio las 83 especies de aves que anidan en BCN;http://www.elperiodico.com/es/medio-ambiente/20171019/atlas-aves-nidificantes-de-barcelona-6365357;Biodiversidad urbana;
67;EP;Saltamontes y grillos, amenazados en Europa por los plaguicidas;http://www.elperiodico.com/es/medio-ambiente/20171020/saltamontes-y-grillos-amenazados-por-los-plaguicidas-en-europa-6366983;Denuncia ecologista;
68;EP;S. Chandrasekhar, el niño prodigio que nos explicó cómo mueren las estrellas;http://www.elperiodico.com/es/ciencia/20171019/s-chandrasekhar-6363978;homenaje de google;
69;EP;El drama de un rinoceronte, premio a la Mejor Fotografía de Naturaleza 2017;http://www.elperiodico.com/es/medio-ambiente/20171018/rinoceronte-wildlife-photographer-2017-6361705;GALARDÓN;
70;EP;Leagoo lanza su S8 Pro, un dispositivo que quiere competir con el último de Samsung;http://www.elperiodico.com/es/tecnologia/20171019/leagoo-lanza-su-s8-pro-un-dispositivo-que-quiere-competir-con-el-ultimo-de-samsung-6363954;Mercado de móviles;
71;EP;Whatsapp permite compartir la ubicación en tiempo real en un mapa;http://www.elperiodico.com/es/tecnologia/20171019/whatsapp-aplicacion-compartir-ubicacion-6363843;NUEVA OPCIÓN;
72;EP;Consejos para prevenir el cáncer de mama;http://www.elperiodico.com/es/belleza/20171017/consejos-para-prevenir-el-cancer-de-mama-6359986;PECHOS SANOS;
73;EP;'Blunt Bob', el corte más deseado del otoño;http://www.elperiodico.com/es/belleza/20171016/blunt-bob-corte-recto-vidal-sassoon-movimiento-deseada-temporada-melena-renovada-emma-stone-marion-cotillard-bella-hadid-emily-ratajwoski-selena-gomez-6357260;'LOOK' RENOVADO;
74;EP;Así fue el fin de semana del referéndum;http://www.elperiodico.com/es//es/politica/20171002/fin-de-semana-referendum-cataluna-6327168;crónica audiovisual;
75;EP;'Blade Runner' en siete claves;http://www.elperiodico.com/es//es/ocio-y-cultura/20171001/siete-motivos-blade-runner-hito-ciencia-ficcion-6317788;UNA DISTOPÍA CLÁSICA;
76;EP;Un puzle para Macron y Merkel;http://blogs.elperiodico.com/bloglobal/;BLOGLOBAL;
77;EP;Los cinco consejos para conseguir un seguro barato;http://www.elperiodico.com/es/motor/noticias/trending/consejos/los-cinco-consejos-para-conseguir-un-seguro-barato-6333106;RECOMENDACIONES;
78;EP;Estos son los límites de velocidad y las multas en España;http://www.elperiodico.com/es/motor/noticias/trending/consejos/limites-velocidad-multas-espana-6364987;MULTAS;
79;EP;6 castillos escoceses reconvertidos en hotel;http://viajar.elperiodico.com/planes/6-castillos-escoceses-reconvertidos-hotel;HOTELES;
80;EP;El Algarve en otoño en 10 espectáculos naturales;http://viajar.elperiodico.com/destinos/algarve-otono-10-espectaculos-naturales;PLANES;
81;EP;El gran error de Arda Turan;http://www.sport.es/es/noticias/barca/gran-error-arda-turan-6365716;;
82;EP;Confidencial SPORT: Las exigencias culinarias de...;http://www.sport.es/es/noticias/barca/confidencial-sport-las-exigencias-culinarias-dembele-6365590;;
83;EP;Las tres salidas que pide Valverde;http://www.sport.es/es/noticias/barca/las-tres-salidas-que-pide-valverde-barcelona-6366679;;
84;EP;Por qué el creador del ‘like’ de Facebook eliminó la app de su...;http://www.codigonuevo.com/creador-like-facebook-elimino-app-movil/;;
85;EP;Tres señales que indican que tu...;http://www.codigonuevo.com/tres-senales-que-indican-que-tu-pareja-se-esta-desenamorando-de-ti/;;
86;EP;Así fue echar un polvo en...;http://www.codigonuevo.com/polvo-burdel-munecas-barcelona/;;
87;EP;Riikka Hannula abandona el Espanyol;http://www.diariolagrada.com/noticias/futbolfemenino/riikka-hannula-abandona-espanyol_26942.html;;
88;EP;El lateral diestro es un bendito...;http://www.diariolagrada.com/noticias/espanyol/lateral-diestro-es-bendito-problema-quique_26946.html;;
89;EP;"""Será bonito volver a Anoeta, no...";http://www.diariolagrada.com/noticias/espanyol/sera-bonito-volver-anoeta-no-tengo-ninguna-espina-clavada_26949.html;;
90;EP;El espectacular desnudo integral de Hiba Abouk;http://www.woman.es/celebrities/protagonistas/espectacular-desnudo-integral-hiba-abouk;;
91;EP;El desnudo de Úrsula Corberó en...;http://www.woman.es/celebrities/protagonistas/desnudo-ursula-corbero-instagram;;
92;EP;Ocho cosas que debes saber sobre...;http://www.woman.es/lifestyle/sexo_y_pareja/ocho-cosas-debes-poliamor-poligamia;;
93;EP;Los precios de los transportes para llegar al aeropuerto;http://www.elperiodico.com/es/motor/noticias/trending/los-precios-de-los-transportes-para-llegar-al-aeropuerto-6368034;;
94;EP;El Mercedes-Benz 300 S Coupé de...;http://www.elperiodico.com/es/motor/noticias/trending/el-mercedes-benz-300-s-coupe-de-barraquer-a-subasta-6367799;;
95;EP;Hennessey sube la apuesta y se...;http://www.elperiodico.com/es/motor/noticias/trending/hennessey-sube-apuesta-bugatti-objetivo-500-km-por-hora-6367149;;
96;EP;Los 7 monasterios que nunca pensaste visitar;http://viajar.elperiodico.com/planes/7-monasterios-pensaste-visitar;;
97;EP;6 castillos escoceses reconvertidos en hotel;http://viajar.elperiodico.com/planes/6-castillos-escoceses-reconvertidos-hotel;;
98;EP;De ruta por la herencia judía...;http://viajar.elperiodico.com/viajeros/ruta-herencia-judia-espana;;
99;LV;El Rey garantiza que “Catalunya es y será parte esencial de la España del siglo XXI”;http://www.lavanguardia.com/politica/20171020/432209338794/felipe-vi-catalunya-siempre-sera-parte-esencial-espana-xxi.html;;
100;LV;Las instituciones europeas salen en defensa de la ley, la unidad y el diálogo;http://www.lavanguardia.com/politica/20171020/432208259541/instituciones-europeas-salen-defensa-ley-unidad-dialogo-premios-princesa-asturias.html;;
101;LV;Lo que se sabe del artículo 155 de la Constitución a horas de ser aplicado;http://www.lavanguardia.com/politica/20171020/432206733652/lo-que-se-sabe-del-155.html;;
102;LV;Rajoy culpa a Puigdemont de tener que aplicar el artículo 155 con el PSOE y Ciudadanos;http://www.lavanguardia.com/politica/20171020/432202384714/articulo-155-rajoy-puigdemont-acuerdo-psoe-cs.html;;
103;LV;PSOE y Cs apuestan por aplicar el 155 y convocar las elecciones en enero;http://www.lavanguardia.com/politica/20171020/432199238402/pp-psoe-carmen-calvo-elecciones-catalunya-enero.html;;
104;LV;El PSOE apunta a una intervención de TV3;http://www.lavanguardia.com/politica/20171020/432199527823/psoe-intervencion-tv3-articulo-155.html;;
105;LV;El PSC avisa de que no dará un “cheque en blanco” al PSOE para aplicar el artículo 155;http://www.lavanguardia.com/politica/20171020/432204191619/articulo-155-psc-cheque-en-blanco-psoe.html;;
106;LV;Directo | La última hora sobre la aplicación del artículo 155 en Catalunya;http://www.lavanguardia.com/politica/20171020/432197999806/articulo-155-constitucion-congreso-independencia-cataluna-rajoy-puigdemont.html;;
107;LV;La Audiencia ordena investigar llamadas de Trapero, Sánchez y Cuixart;http://www.lavanguardia.com/politica/20171020/432205269396/audiencia-nacional-investigar-llamadas-trapero.html;;
108;LV;Ciments Molins también se marcha de Catalunya;http://www.lavanguardia.com/economia/20171020/432201844655/ciments-molins-catalunya-sede-social.html;;
109;LV;La protagonista del ‘Help Catalonia’ cierra sus redes ante el alcance del vídeo;http://www.lavanguardia.com/politica/20171020/432206678196/protagonista-viral-video-omnium-cierra-redes.html;;
110;LV;El delegado del Gobierno en Aragón: El “adoctrinamiento” en Catalunya “es eficaz como la propaganda nazi”;http://www.lavanguardia.com/politica/20171020/432206266352/delegado-gobierno-aragon-catalunya.html;;
111;LV;La bomba contra la periodista maltesa habría sido detonada por control remoto;http://www.lavanguardia.com/internacional/20171020/432206752919/bomba-mato-periodista-maltesa-detonada-por-control-remoto.html;;
112;LV;La haka de los All Blacks a los Reyes en los Premios Princesa de Asturias;http://www.lavanguardia.com/deportes/20171020/432207101693/haka-all-blacks-reyes-princesa-de-asturias.html;;
113;LV;Kilian Jornet pasa por el quirófano y estará seis meses de baja;http://www.lavanguardia.com/deportes/otros-deportes/20171020/432208974923/kilian-jornet-operado-hombros.html;;
114;LV;Hallada una ‘cueva’ gigantesca en la Luna;http://www.lavanguardia.com/vida/20171020/432199072204/hallada-cueva-gigantesca-luna.html;;
115;LV;Restos de la batalla de El Alamein aún yacen en el desierto egipcio;http://www.lavanguardia.com/cultura/20171020/432199984458/el-alamein-restos-batalla-egipto-guerra-mundial.html;;
116;LV;El impactante relato de Lupita Nyong’o sobre los abusos de Weinstein;http://www.lavanguardia.com/gente/20171020/432209062868/lupita-nyongo-abuso-sexual-weinstein.html;;
117;LV;Aguirre contó con 1,5 millones en negro para su campaña electoral de 2011;http://www.lavanguardia.com/politica/20171020/432192625764/pp-madrid-financiacion-campana-elecciones-autonomicas-esperanza-aguirre-caja-b.html;;
118;LV;El Govern eleva a 1.066 las personas atendidas por las cargas en el 1-O;http://www.lavanguardia.com/politica/20171020/432201536602/heridos-referendum-1-o-cargas-policiales-salut.html;;
119;LV;Colau: “Si el PSC apoya al 155 se abrirá una reflexión en Barcelona en Comú”;http://www.lavanguardia.com/politica/20171020/432198891265/articulo-155-ada-colau-reflexion-bcomu.html;;
120;LV;La Fiscalía instará al Govern a apartar a Trapero de su cargo;http://www.lavanguardia.com/politica/20171019/432187704136/fiscalia-govern-apartar-mayor-trapero.html;;
121;LV;Las fuerzas iraquíes retoman el control completo de la región kurda de Kirkuk;http://www.lavanguardia.com/internacional/20171020/432199505274/irak-control-provincia-kirkuk-kurdos.html;;
122;LV;Theresa May vincula la factura del Brexit al acuerdo que vaya a regular las futuras relaciones;http://www.lavanguardia.com/internacional/20171020/432202596627/may-factura-brexit-relaciones-ue.html;;
123;LV;Pragmatismo y renovación: una nueva generación de políticos ya llega al poder;http://www.lavanguardia.com/internacional/20171019/432188947402/generacion-jovenes-politicos-poder.html;;
124;LV;Un atentado suicida en una mezquita de Kabul mata al menos a 32 personas;http://www.lavanguardia.com/internacional/20171020/432205010529/atentado-suicida-mezquita-kabul.html;;
125;LV;Gerard Piqué: “En Catalunya no paramos de adoctrinar a los niños”;http://www.lavanguardia.com/gente/20171020/432206605269/pique-ironiza-sobre-adoctrinamiento-en-catalunya.html;;
126;LV;Así vivieron los pasajeros del último vuelo Air Berlin una temeraria maniobra;http://www.lavanguardia.com/vida/20171020/432204635205/pasajeros-ultimo-vuelo-air-berlin-youtube.html;;
127;LV;Muere Federico Luppi;http://www.lavanguardia.com/cultura/20171020/432203443594/federico-luppi.html;;
128;LV;¿Cuánto dinero ganaron los ‘triunfitos’ del primer ‘OT’?;http://www.lavanguardia.com/television/20171020/432199159549/operacion-triunfo-ot-sueldo-concursantes.html;;
129;LV;¿Qué ver hoy viernes noche en televisión?;http://www.lavanguardia.com/television/20171020/432205960873/que-ver-television-viernes-20.html;;
130;LV;EE.UU. doblega a Japón en el primer “combate a muerte” entre robots;http://www.lavanguardia.com/internacional/20171018/432162045206/combate-robots-gigantes-eeuu-japon.html;;
131;LV;Lo que ocurre con el perro policía cuando se jubila o si no ‘da la talla’;http://www.lavanguardia.com/vivo/mascotas/20171020/432179182966/adopcion-perros-policias.html;;
132;LV;Un misterioso agujero caliente en el Antártico intriga a los científicos;http://www.lavanguardia.com/natural/20171020/432128873724/estudian-misterioso-agujero-caliente-aguas-antartico.html;;
133;LV;La nueva Ley de los Autónomos, en seis minutos;http://www.observatorio-empresas.vodafone.es/articulos/nueva-ley-autonomos-2018-celia-ferrero-ata/;;
134;LV;Un gigante pisa fuerte en la cartelera;http://www.lavanguardia.com/cultura/20171020/432178542675/handia-gigante-estrenos-cine-cartelera-viernas.html;;
135;LV;8 planes únicos para este fin de semana;http://www.lavanguardia.com/local/20171020/432181150983/planes-fin-de-semana-catalunya.html;;
136;LV;Qué hacer este viernes, sábado y el domingo en Barcelona;http://www.lavanguardia.com/local/barcelona/20171020/432158418902/que-hacer-hoy-barcelona-fin-de-semana.html;;
137;LV;La semana dice adiós con bajada de temperaturas en Catalunya;http://www.lavanguardia.com/vida/20171020/432182193952/el-tiempo-fin-de-semana-catalunya.html;;
138;LV;Ideas low cost para escapadas de otoño;http://www.lavanguardia.com/ocio/viajes/20171020/432180428371/ofertas-viajes-escapadas-vacaciones-low-cost.html;;
139;LV;La Policía identifica hasta 800 turistas por las falsas intoxicaciones en Baleares;http://www.lavanguardia.com/vida/20171020/432205991521/policia-identifica-800-turistas-falsas-intoxicaciones-baleares.html;;
140;LV;¿Cuantos miles de productos químicos se fabrican sin unas pruebas de seguridad?;http://www.lavanguardia.com/natural/20171020/432198705753/informe-lancet-contaminacion-productos-quimicos-peligrosos.html;;
141;LV;Los 30 platos que deberías saber cocinar... antes de los treinta;http://www.lavanguardia.com/comer/tendencias/20171019/432158717611/recetas-faciles-jovenes-treinta-anos.html;;
142;LV;Cae una organización dedicada al contrabando de tabaco procedente de Asia;http://www.lavanguardia.com/sucesos/20171020/432201755497/desarticulada-una-organizacion-dedicada-al-contrabando-de-tabaco-procedente-de-asia.html;;
143;LV;De profesión, padre de día;http://www.lavanguardia.com/vida/20171020/432183395935/de-profesion-padre-de-dia.html;;
144;LV;El momento hamletiano;http://www.lavanguardia.com/opinion/20171020/432192049503/el-momento-hamletiano.html;;
145;LV;Tiempo para las concesiones;http://www.lavanguardia.com/opinion/20171020/432192143537/tiempo-para-las-concesiones.html;;
146;LV;Ministros escapistas;http://www.lavanguardia.com/opinion/20171020/432192041581/ministros-escapistas.html;;
147;LV;La Diagonal como imagen;http://www.lavanguardia.com/politica/20171020/432192136713/la-diagonal-como-imagen.html;;
148;LV;‘No me llames Dolores...’;http://www.lavanguardia.com/opinion/20171020/432192142874/no-me-llames-dolores.html;;
149;LV;Retorno o no de envases;http://www.lavanguardia.com/opinion/20171020/432192148709/retorno-o-no-de-envases.html;;
150;LV;Trump se queda solo contra Irán;http://www.lavanguardia.com/opinion/20171020/432192149485/trump-se-queda-solo-contra-iran.html;;
151;LV;Esperando a Rajoy;http://www.lavanguardia.com/opinion/20171020/432192150398/esperando-a-rajoy.html;;
152;LV;La tumba profanada de Dalí;http://www.lavanguardia.com/opinion/20171020/432192151352/la-tumba-profanada-de-dali.html;;
153;LV;Manual para hablar;http://www.lavanguardia.com/opinion/20171020/432192152156/manual-para-hablar.html;;
154;LV;Física nuclear y política;http://www.lavanguardia.com/opinion/20171020/432192153847/fisica-nuclear-y-politica.html;;
155;LV;Dedicatorias políticas;http://www.lavanguardia.com/cultura/20171020/432192218859/dedicatorias-politicas.html;;
156;LV;Toque lo que toque;http://www.lavanguardia.com/deportes/20171020/432192264295/toque-lo-que-toque.html;;
157;LV;Riesgo reputacional;http://www.lavanguardia.com/economia/20171020/432192284501/riesgo-reputacional.html;;
158;LV;‘Star Trek’, episodio en Catalunya;http://www.lavanguardia.com/television/20171020/432192392681/star-trek-episodio-en-catalunya.html;;
159;LV;El déficit comercial crece el 49% hasta agosto pese al alza de las exportaciones;http://www.lavanguardia.com/economia/20171020/432199392616/deficit-comercial-aumenta-agosto-alza-exportaciones.html;;
160;LV;Los cuadrantes de Ryanair;http://www.lavanguardia.com/economia/20171020/432185805892/ekonomia-gay-de-liebana-ryanair.html;;
161;LV;Los líderes del sector inmobiliario se reúnen en Barcelona;http://www.lavanguardia.com/economia/20171020/432205246643/barcelona-meeting-point-reune-cuatro-grandes-empresas-cotizadas-espanolas.html;;
162;LV;El Ibex 35 mantiene cautela ante la crisis en Catalunya;http://www.lavanguardia.com/economia/20171020/432198966660/ibex-35-semana-rojo-politica-catalunya.html;;
163;LV;¿Porque tendría futuro una editorial disléxica-friendly?;http://www.lavanguardia.com/economia/management/20171020/432191402482/dislexia-friendly.html;;
164;LV;Los sindicatos anuncian huelga en la recogida de basuras de Madrid;http://www.lavanguardia.com/local/madrid/20171020/432205843909/madrid-huelga-limpieza-6-noviembre.html;;
165;LV;La realidad de Silicon Valley;http://www.lavanguardia.com/tecnologia/20171020/432179384268/ocaso-silicon-valley.html;;
166;LV;Valverde da “un 10” al equipo culé en sus primeros 100 días;http://www.lavanguardia.com/deportes/futbol/20171020/432205685805/barcelona-malaga-valverde.html;;
167;LV;Piqué y Ramos amenazaron con dejar la Selección si despedían a Claramunt;http://www.lavanguardia.com/deportes/futbol/20171020/432199414197/seleccion-espanola-claramunt-juan-luis-larrea-pique-ramos.html;;
168;LV;Xabi Fernández: “En el Mapfre estamos listos para hacerlo lo mejor posible”;http://www.lavanguardia.com/deportes/otros-deportes/20171020/432207710607/volvo-ocean-race-mapfre.html;;
169;LV;Everton expulsa al fan que agredió al portero del Lyon con un bebé en brazos;http://www.lavanguardia.com/deportes/futbol/20171020/432207949283/everton-lyon-agresion-aficionado-bebe.html;;
170;LV;Trágica muerte de un joven ciclista en el Tour de Nueva Caledonia;http://www.lavanguardia.com/deportes/ciclismo/20171020/432202300203/muere-ciclista-mathieu-riebel.html;;
171;LV;Tres detenidos en una operación de la policía contra dos narcopisos;http://www.lavanguardia.com/local/barcelona/20171020/432201723867/operacion-policial-narcopisos-raval-barcelona.html;;
172;LV;La acusación particular pide más de 50 años de cárcel para el cazador que mató a dos agentes rurales;http://www.lavanguardia.com/sucesos/20171020/432202588085/peticion-pena-asesino-agentes-rurales-lleida.html;;
173;LV;Barcelona repara las grietas del histórico Saló del Tinell;http://www.lavanguardia.com/local/barcelona/20171020/432161556798/barcelona-grietas-arcos-salo-tinell-plaza-rei.html;;
174;LV;Nueva oposición vecinal por la construcción de un centro para discapacitados;http://www.lavanguardia.com/local/barcelones-nord/20171020/432160614525/oposicion-vecinal-badalona-construccion-centro-discapacitados.html;;
175;LV;Un viaje de 50.000 años a Sant Llorenç de Montgai;http://www.lavanguardia.com/local/lleida/20171020/432188950905/pantano-sant-llorenc-de-montgai-viaje-en-el-tiempo-brl.html;;
176;LV;Melanie Griffith revela que sufre epilepsia y mejoró al separarse de Banderas;http://www.lavanguardia.com/gente/20171020/432202232887/melanie-griffith-epilepsia-separarse-antonio-banderas.html;;
177;LV;Hollywood se moviliza para un control estricto en el uso de las armas;http://www.lavanguardia.com/gente/20171020/432204475831/hollywood-control-armas.html;;
178;LV;La última foto de Kendall divide a sus fans: ¿Ha retocado su trasero?;http://www.lavanguardia.com/de-moda/belleza/20171020/432203421486/kendall-jenner-polemica-photoshop-trasero-instagram.html;;
179;LV;Tarantino conocía los casos de abusos sexuales ahora descubiertos de Weinstein;http://www.lavanguardia.com/gente/20171020/432192668793/tarantino-conocia-de-primera-mano-los-abusos-sexuales-de-weinstein.html;;
180;LV;La reina Letizia, con el bordado de inspiración oriental de Felipe Varela que faltaba en su armario;http://www.hola.com/moda/actualidad/20171020100915/entrega-premios-princesa-de-asturias-2017-look-reina-letizia/?utm_source=lavanguardia&utm_medium=referral;;
181;LV;Buena mañana para los Piscis;http://horoscopo.lavanguardia.com/prediccion.php?signo=piscis;;
182;PA;El Rey: “España resolverá el inaceptable intento de secesión por medio de la Constitución”;https://elpais.com//politica/2017/10/20/actualidad/1508511703_995393.html;Felipe VI ha vuelto a referirse a la crisis de Estado planteada con el órdago independentista de Cataluña. En su discurso pronunciado en Oviedo, con motivo de los Premios Princesa de Asturias, el Rey ha señalado que “Cataluña es y será parte esencial de la España del siglo XXI”;
183;PA;Tajani: “El respeto al Derecho no es una opción, es una obligación”;https://elpais.com//politica/2017/10/20/actualidad/1508517786_837504.html;;
184;PA;La campaña para retirar dinero de los cajeros divide a los independentistas;https://elpais.com//ccaa/2017/10/20/catalunya/1508492661_274873.html;;
185;PA;Rajoy: “Hemos pactado con Ciudadanos y PSOE medidas para volver a la legalidad”;https://elpais.com//politica/2017/10/20/actualidad/1508489106_542799.html;;
186;PA;La juez ordena investigar las llamadas de Trapero y los líderes de ANC y Òmnium;https://elpais.com//politica/2017/10/20/actualidad/1508507460_569874.html;La magistrada Carmen Lamela ha pedido información sobre las cuentas y productos financieros de las entidades soberanistas;
187;PA;El Gobierno compra urnas tras la respuesta de Puigdemont;https://elpais.com//politica/2017/10/19/actualidad/1508436488_452019.html;;
188;PA;Cuando González amenazó con aplicar el artículo 155 a Canarias;https://elpais.com//politica/2017/10/20/actualidad/1508481079_647952.html;;
189;PA;Presentimientos del malestar;https://elpais.com//elpais/2017/10/20/mira_que_te_lo_tengo_dicho/1508513808_798795.html;;
190;PA;¿Y por qué no hay toros en Cataluña?;https://elpais.com//cultura/2017/10/19/actualidad/1508403967_099974.html;;
191;PA;La ‘haka’ de los All Blacks en el escenario de los Premios Princesa de Asturias;https://elpais.com//elpais/2017/10/20/videos/1508520772_552566.html;;
192;PA;Muere a los 81 años el actor argentino Federico Luppi;https://elpais.com//cultura/2017/10/20/actualidad/1508502525_520722.html;;
193;PA;La factura del Brexit bloquea el paso a la segunda fase de negociación;https://elpais.com//internacional/2017/10/20/actualidad/1508506096_337991.html;;
194;PA;Vendido por 16.000 dólares un dibujo del Empire State hecho por Trump;https://elpais.com//internacional/2017/10/20/universo_trump/1508520190_043720.html;;
195;PA;Ultras del Feyenoord usan a dos víctimas del Holocausto para atacar al Ajax;https://elpais.com//deportes/2017/10/20/actualidad/1508510590_014924.html;;
196;PA;Tres buscadores alternativos a Google que utilizan tecnología ‘blockchain’;https://retina.elpais.com/retina/2017/10/17/innovacion/1508241687_063772.html;;
197;PA;Con ustedes, el inseguro Steven Spielberg;https://elpais.com//cultura/2017/10/19/television/1508401159_765273.html;;
198;PA;Nueve ejemplos de machismo cotidiano que habría que erradicar;https://smoda.elpais.com/feminismo/9-ejemplos-de-machismo-cotidiano-que-deberiamos-erradicar-laura-bates-libro/;;
199;PA;Las rutas en bicicleta más bellas del mundo;https://elpais.com//elpais/2017/10/18/paco_nadal/1508353953_846318.html;;
200;PA;Black Friday 2017: cuándo es y todo lo que necesitas saber;https://elpais.com//elpais/2017/10/19/escaparate/1508439773_474040.html;;
201;PA;Rescatar la autonomía;https://elpais.com//elpais/2017/10/19/opinion/1508421103_395449.html;El artículo 155 se hace imprescindible ante el chantaje de Puigdemont;
202;PA;Regálate un capricho;https://elpais.com//elpais/2017/10/20/opinion/1508491426_091516.html;;
203;PA;Describir;https://elpais.com//elpais/2017/10/19/opinion/1508421902_388300.html;;
204;PA;Totalitarismo y totalismos;https://elpais.com//elpais/2017/10/18/opinion/1508330084_290315.html;;
205;PA;Forges;https://elpais.com//elpais/2017/10/19/opinion/1508423296_972680.html;;
206;PA;La Policía Nacional identifica a 800 turistas británicos por falsas intoxicaciones;https://elpais.com//economia/2017/10/20/actualidad/1508508750_202402.html;;
207;PA;Los conductores que suspendan la ITV podrán llevar su coche a otra estación;https://elpais.com//economia/2017/10/20/actualidad/1508499414_432384.html;;
208;PA;Slim vende el edificio Los Cubos de Madrid por 52 millones de euros;https://elpais.com//economia/2017/10/20/actualidad/1508511583_683762.html;;
209;PA;¿Comprarías un fondo de inversión a través de Amazon?;https://elpais.com//cincodias/2017/10/19/mercados/1508421116_127281.html;;
210;PA;“Tenemos que aceptar que existe un techo para el machine learning”;https://elpais.com//retina/2017/10/16/innovacion/1508152889_939856.html;;
211;PA;Un testigo de Lezo: “González pidió a mi jefe que buscase un millón para el partido”;https://elpais.com//politica/2017/10/19/actualidad/1508423818_389227.html;;
212;PA;Pillan a Jordi Pujol Ferrusola ‘trapicheando’ con llamadas en la cárcel para hablar con una doctora;https://elpais.com//politica/2017/10/20/actualidad/1508513569_568025.html;;
213;PA;El juez investiga a una ONG de adopciones internacionales por estafa y fraude;https://elpais.com//politica/2017/10/20/actualidad/1508515822_847347.html;;
214;PA;El moment menxevic;https://elpais.com///cat.elpais.com/cat/2017/10/20/actualidad/1508509940_197729.html;;
215;PA;Brillhart, la exploradora de los mundos virtuales;https://one.elpais.com/la-realidad-virtual-la-nueva-frontera-del-cine/;;
216;PA;Plantas que dan WiFi haciendo la fotosíntesis;https://one.elpais.com/los-bosques-pueden-las-centrales-electricas-del-futuro/;;
217;PA;Combates de artillería entre fuerzas iraquíes y kurdas elevan la tensión;https://elpais.com//internacional/2017/10/20/actualidad/1508485827_914395.html;;
218;PA;Un consejo de expertos pide prohibir la pesca de sardinas;https://elpais.com//internacional/2017/10/20/actualidad/1508496917_108237.html;;
219;PA;Ali Bin Samikh Al-Marri: “El bloqueo a Qatar vulnera los derechos humanos”;https://elpais.com//internacional/2017/10/20/actualidad/1508500319_253338.html;;
220;PA;Hollande carga contra Macron por sus rebajas fiscales a los ricos;https://elpais.com//internacional/2017/10/20/actualidad/1508511854_637700.html;;
221;PA;Acusado un exguardia de las SS de ser cómplice del asesinato de 17.000 judíos;https://elpais.com//internacional/2017/10/20/actualidad/1508503663_430515.html;;
222;PA;¿Buscas una tarjeta de crédito?;http://www.iahorro.com/tarjetas/analisis-tarjetas.htm?utm_source=PFM_PEPAISW_TAR;Ahorra dinero y tiempo: Analizamos todas las tarjetas del mercado;
223;PA;Encuentra la financiación que necesitas a través de iAhorro;http://www.iahorro.com/creditos/solicita-tu-credito.htm?utm_source=PFM_PEPAISW_CRE;iAhorro te ayuda a comparar y contratar los préstamos más baratos;
224;PA;Pisos baratos para reformar;https://www.idealista.com/news/inmobiliario/top-idealista/2016/09/15/743558-pisos-baratos-para-invertir-a-tu-gusto#xts=352991&xtor=ad-186-[node//743558]-[]-[0]-[prisa__elpais.com]-[]-[destacado_home_elpais_titulo]&source=101;Selección de pisos bien situados que necesitan reformas;
225;PA;Ruta por las Ciudades Patrimonio de la Humanidad;https://www.idealista.com/news/vacacional/destinos-turisticos/2017/10/16/748467-ruta-por-las-mejores-ciudades-patrimonio-de-la-humanidad#xts=352991&xtor=ad-186-[node//748467]-[]-[0]-[prisa__elpais.com]-[]-[destacado_home_elpais_titulo]&source=101;15 ciudades para visitar este otoño;
226;PA;Máster en Escritura y Narración Creativa;http://www.emagister.com/cursolanding?idBusqueda=3333442&sid=27&pfichas=6154&utm_source=elpais&utm_medium=cpc&utm_content=widget_home&utm_campaign=escritura_creativa_desarts&dolead=true;Formación a distancia con 75% de descuento;
227;PA;MBA + Project Management -96% Dto.;https://www.emagister.com/express/mba-master-project-management-cursos-3407589.htm?pfichas=9997&utm_source=elpais&utm_medium=cpc&utm_campaign=display_banner_201707;Titulación Universitaria por Universidad Isabel I;
228;PA;Especialízate en Organización de Eventos;http://www.emagister.com/cursolanding?idBusqueda=3392748&sid=27&pfichas=10975&utm_source=elpais&utm_medium=cpc&utm_content=widget1_directorio&utm_campaign=protocolo_ostelea_presencial&dolead=true;Máster en eventos, protocolo y turismo presencial en Madrid;
229;PA;Estudia un Grado Semipresencial en Derecho;http://www.emagister.com/cursolanding?idBusqueda=3230914&sid=27&pfichas=10976&utm_source=elpais&utm_medium=cpc&utm_content=widget2_directorio&utm_campaign=grado_derecho_semipresencial_cedeu&dolead=true;Clases virtuales y exámenes presenciales en Madrid;
230;PA;¿Quieres un código descuento Zalando?;https://descuentos.elpais.com/zalando-cupones-descuento?&utm_source=ElPaisWidget_zalando_Boost&utm_medium=referral&utm_content=BannerHP&utm_campaign=ES_bannerhome_Special;En Descuentos EL PAÍS tenemos uno del 12% para toda la web;
231;PA;¿Quieres un código descuento Groupon?;https://descuentos.elpais.com/codigo-descuento-groupon?&utm_source=ElPaisWidget_groupon_Boost&utm_medium=referral&utm_content=BannerHP&utm_campaign=ES_bannerhome_Special;Consigue en Descuentos EL PAÍS 6€ de descuentos para toda la web;
232;PA;Las Divas del Empire. NYC Met;https://www.elpaisviajes.com/viajes/nyc-opera?utm_source=ep_home&utm_campaign=opera&utm_medium=widget1;Disfruta de la Ópera y de Nueva York en primavera de la mano de Carlos Matesanz;
233;PA;La luna llena en el Taj Mahal;https://www.elpaisviajes.com/viajes/taj-mahal?utm_source=ep_home&utm_campaign=india&utm_medium=widget2;La majestuosa India nos espera de la mano del fotógrafo Ángel López Soto;
234;PA;3 Vinos tintos por menos de 10€;https://www.elpaisclubdevinos.com/?utm_source=ep_home&utm_campaign=2017_09_alta_EPCV&utm_medium=widget1&id_externo_promo=epvin_ep_home_widget1_2017_09_alta_EPCV;Date de alta en EL PAÍS Club de vinos y aprovecha esta oferta.;
235;PA;Selección mensual de octubre;https://www.elpaisclubdevinos.com/seleccion-mensual-de-vinos-octubre.html?utm_source=ep_home&utm_campaign=2017_10_sel_vinos_oct&utm_medium=widget2&id_externo_promo=epvin_ep_home_widget2_2017_10_sel_vinos_oct;Hemos seleccionado 3 botellas de la bodega Finca Sobreño, Crianza, Selección especial e Ildefonso.;
236;PA;TV LED PANASONIC TX – 49EX600E por 633€;https://seleccion.elpais.com/tv-led/13464-tv-led-panasonic-tx49dx600e-4k.html?utm_source=EP&utm_campaign=widget TV &utm_medium=widget1&id_externo_promo=epsel_EP_widget1_2017_10;Excelente televisión 4K para ver películas en magnífica calidad en tu casa.;
237;PA;Superoferta: Pack descanso a 199€;https://seleccion.elpais.com/descanso/14112-pack-colchon-firmeza-superior-y-adaptacion-base-tapizada-almohada-fibras-naturales.html#/231-tamano-190_x_90_cm?utm_source=EP&utm_campaign=widget pack descanso&utm_medium=widget2&id_externo_promo=epsel_EP_widget2_2017_10;Pack descanso en varios tamaños: Colchón + base + almohadas.;
238;PA;Keylor Navas vuelve a lesionarse;https://elpais.com//deportes/2017/10/20/actualidad/1508498641_370786.html;;
239;PA;Valverde: “Hasta ahora, al equipo le pongo un 10”;https://elpais.com//deportes/2017/10/20/actualidad/1508508959_206347.html;;
240;PA;Debut esperanzador de Carlos Sainz con Renault;https://elpais.com//deportes/2017/10/20/actualidad/1508511610_694776.html;;
241;PA;“Da rabia que los triunfos masculinos sean más mediáticos, pero estamos acostumbradas”;https://elpais.com//deportes/2017/09/29/actualidad/1506705046_798711.html;;
242;PA;El Madrid fichará: opción Tavares y ojo a Garuba, Sebas Sáiz...;https://as.com/baloncesto/2017/10/20/acb/1508507928_908041.html;;
243;PA;Las Oriónidas llegan a su máximo visible este sábado;https://elpais.com//elpais/2017/10/20/ciencia/1508485446_366635.html;;
244;PA;¿Duermo mal porque me duele la espalda o me duele la espalda porque duermo mal?;https://elpais.com//elpais/2017/10/19/ciencia/1508422567_265547.html;;
245;PA;Bixby 2.0, un sistema operativo para conectarlos a todos;https://elpais.com//tecnologia/2017/10/20/actualidad/1508478234_554373.html;;
246;PA;El Rubius y Movistar + preparan la primera serie de anime de España;https://elpais.com//cultura/2017/10/20/television/1508488813_235430.html;;
247;PA;‘Loch Ness’: el verdadero monstruo del lago Ness es un asesino en serie;https://elpais.com//cultura/2017/10/03/television/1507022483_896838.html;;
248;PA;Las caricaturas secretas de Franco;https://elpais.com//cultura/2017/10/19/actualidad/1508429873_835172.html;;
249;PA;Los Lumière, primeros artistas del cine;https://elpais.com//cultura/2017/10/17/actualidad/1508240806_820124.html;;
250;PA;Tarantino admite que supo hace décadas de los abusos sexuales de Weinstein;https://elpais.com//cultura/2017/10/20/actualidad/1508452419_914101.html;;
251;PA;Juanes, en concierto el 17 de diciembre en el WiZink Center de Madrid;https://elpais.com//cultura/2017/10/20/actualidad/1508493139_559724.html;;
252;PA;Al niño le han quedado cuatro;http://www.jotdown.es/2017/10/al-nino-le-han-quedado-cuatro/;;
253;PA;La pasarela de Letizia en los premios Princesa de Asturias;https://elpais.com//elpais/2017/10/20/album/1508495523_956996.html;;
254;PA;Emmanuel y Brigitte Macron, diez años de un matrimonio insólito;https://elpais.com//elpais/2017/10/20/gente/1508498647_071145.html;;
255;PA;Sean Penn teme estar en peligro por la emisión del documental ‘El Chapo’;https://elpais.com//elpais/2017/10/20/gente/1508509742_831081.html;;
256;PA;El desgarrador relato de Lupita Nyong’o sobre Weinstein;https://elpais.com//elpais/2017/10/20/gente/1508490407_245438.html;;
257;PA;Agatha Ruiz de la Prada, Premio Nacional de Diseño de Moda;https://elpais.com//elpais/2017/10/20/estilo/1508500028_695649.html;;
258;PA;13 frases de tertulianos televisivos que te dejan con los ojos como platos;https://elpais.com//elpais/2017/10/19/fotorrelato/1508407315_218082.html;;
259;PA;El motivo por el que Kentucky Fried Chicken solo sigue a 11 personas en Twitter;https://elpais.com//elpais/2017/10/20/icon/1508492706_424735.html;;
260;PA;Esta canción es más relajante que un ansiolítico;https://elpais.com//elpais/2017/10/20/buenavida/1508497018_643744.html;;
261;PA;Planes para Halloween;https://www.guiadelocio.com/a-fondo/planes-para-halloween/?utm_source=elpais.com&utm_medium=noticia&utm_campaign=home;;
262;PA;Muere ‘Jeremy’, el caracol zurdo que cautivó a los científicos;https://elpais.com//elpais/2017/10/20/mundo_animal/1508487284_865690.html;;
263;PA;La patrullas ‘antivampiros’ siembran el terror al sur de Malaui;https://elpais.com//internacional/2017/10/20/mundo_global/1508502931_857996.html;;
264;PA;Vuelve Petra Delicado, la gran heroína feminista de la novela negra española;https://elpais.com//cultura/2017/10/20/elemental/1508479420_004062.html;;
265;PA;La pisada de gigante del Seat Arona: un compacto con prestaciones de SUV grande;https://motor.elpais.com/pruebas/pisada-de-gigante-del-seat-arona/;;
266;PA;Una peculiar idea de la Guardia Civil contra los problemas de aparcamiento;https://motor.elpais.com/actualidad/propuesta-guardia-civil-problemas-aparcamiento/;;
267;PA;Alarma en Alicante por un WhatsApp sobre el secuestro inexistente de una niña;https://elpais.com//verne/2017/10/20/articulo/1508505685_206975.html;;
268;PA;De un líder tribal a los Princesa de Asturias: haka, el baile de los All Blacks;https://elpais.com//verne/2017/10/19/articulo/1508405168_363160.html;;
269;PA;Este truco matemático con euros y cervezas solo sirve para adivinar tu edad;https://elpais.com//verne/2017/10/20/articulo/1508494888_949225.html;;
270;PA;La Guardia Civil detiene en Mijas a un atracador disfrazado de soldado de ‘Star Wars’;https://elpais.com//elpais/2017/10/20/videos/1508497969_966946.html;;
271;PA;Esculturas por las playas de Sídney;https://elpais.com//elpais/2017/10/19/album/1508429726_923629.html;;
272;PA;Taller de ‘Digital Thinking’;https://escuela.elpais.com/talleres/herramientas-digitales/;;
273;PA;Disfruta en primicia de TOTEM, de Cirque du Soleil;https://elpais.com//cultura/2017/10/16/actualidad/1508150242_541293.html;;
274;PA;¿Quieres disfrutar de las mejores orquestas y solistas del mundo?;https://elpais.com//cultura/2017/09/28/actualidad/1506615820_273756.html;;
275;PA;Las mejores ofertas en electrodomésticos y otros productos de cocina;https://elpais.com//elpais/2017/10/18/escaparate/1508326953_709643.html;;
276;PA;Seis estilos de hombre para afrontar la llegada del frío;https://elpais.com//elpais/2017/10/17/escaparate/1508238853_683706.html;;
277;PA;Las brujas de Magu;https://elpais.com//elpais/2017/10/19/planeta_futuro/1508428553_320831.html;La creencia en la hechicería está detrás del asesinato y marginación de ancianas en Tanzania;
278;PA;El secreto de la imbatible selección de rugby de Nueva Zelanda;http://elpaissemanal.elpais.com/documentos/seleccion-rugby-nueva-zelanda/;Los All Blacks son el Premio Princesa de Asturias de los Deportes 2017. El secreto de su éxito reside en la afición que el país profesa.;
279;PA;Dulce vida en la Costa Azul;https://elpais.com//elviajero/2017/10/19/actualidad/1508403689_666446.html;Una ruta entre museos y villas frente al Mediterráneo que simbolizan la creatividad artística del siglo XX con nombres como Picasso o Le Corbusier;
280;PA;Caldos exprés en 10 minutos;https://elpais.com//elcomidista/2017/10/09/receta/1507538483_000567.html;El caldo de toda la vida necesita tiempo. Pero si no lo tienes, hay fórmulas a máxima velocidad;
281;PA;Ocho libros de esta semana;https://elpais.com//elpais/2017/10/19/fotorrelato/1508411946_728343.html;Juan Cárdenas, Ted Lewis y José María Merino, entre los autores reseñados;
282;PA;Un coche de 370 CV para Rafa Nadal;https://motor.elpais.com/actualidad/nadal-estrena-coche-kia-stinger-370-cv/;El tenista, embajador de Kia, disfrutará del Stinger, el modelo más deportivo de la marca;
283;PA;Por qué estas zapatillas feas están arrasando hasta agotarse;https://elpais.com//elpais/2017/10/17/icon/1508255388_721452.html;Las deportivas de Balenciaga, el último objeto de deseo de la generación Instagram;
284;PA;¿Heidi, quién? El jefe de los disfraces de Halloween es Harrison Ford;https://smoda.elpais.com/moda/5-pruebas-de-que-harrison-ford-es-el-jefe-de-los-disfraces-de-halloween/;Muchos quieren ir de Han Solo o Indiana Jones. Él prefiere echarle orginalidad.;
285;PA;Lo que le pasa a su corazón cuando hace demasiado ejercicio (sobre todo si es hombre);https://elpais.com//elpais/2017/10/19/buenavida/1508425064_942006.html;¿Cuántos minutos de deporte a la semana es pasarse? Estas son las conclusiones de un estudio que evaluó a los participantes durante 25 años;
286;PA;Hablamos con el nuevo MacGyver, el chico Disney que odiaba Miley Cyrus;https://elpais.com//elpais/2017/10/18/tentaciones/1508282016_555642.html;Lucas Till está harto de las pelis de superhéroes (fue un X-Men) y sueña con dirigir a Penélope Cruz;
287;PA;10 platos de la revolución culinaria en España;https://cincodias.elpais.com/cincodias/2017/10/19/fotorrelato/1508434121_907030.html;;
288;PA;El patinazo de la Casa Real en la emisión en directo de los Premios Princesa de Asturias;http://www.huffingtonpost.es/2017/10/20/el-patinazo-de-la-casa-real-en-la-retransmision-en-directo-de-los-premios-princesa-de-asturias_a_23250483/;;
289;PA;"El Real Madrid también sigue a Lincoln; el Barça tiene ventaja";https://as.com/futbol/2017/10/19/primera/1508434550_837509.html;;
290;PA;Suscripción premium por 1,06€/día;http://suscripciones.elpais.com/oferta/premium?id_externo_promo=pie-oferta1.06;Todos los días la edición impresa y digital con sus suplementos y revistas.;
291;PA;Descubre antes que nadie lo nuevo de Cirque du Soleil;https://elpais.com//tematicos/2017/10/17/elpaismas/1508230935_801142.html;Asiste al ensayo general de 'TOTEM', un viaje por la evolución humana.;
292;EM;"El Rey Felipe VI, ante el desafío independentista: ""Cataluña es y será una parte esencial de España""";http://www.elmundo.es/espana/2017/10/20/59ea2d0846163fa8518b45dd.html;;
293;EM;"En vivo | Tajani: ""El derecho es una obligación. Hay que recordarlo ante los egoísmos nacionalistas""";http://www.elmundo.es/cataluna/2017/10/20/59e9bf15ca474162088b463b.html;;
294;EM;"Rajoy: ""El 155 se aplicará mañana""";http://www.elmundo.es/espana/2017/10/20/59e9e59322601dbb1b8b45d5.html;;
295;EM;"
La salida de empresas de Cataluña se dispara y llega al récord de 268 en un día
";http://www.elmundo.es/economia/2017/10/20/59e9ccbbca4741af068b4611.html;;
296;EM;"
La histórica Cementos Molins abandona el 'feudo' de Junqueras y muda su sede social a Madrid
";http://www.elmundo.es/economia/2017/10/20/59ea1ab7e2704eeb2d8b462e.html;Fundada en 1928, traslada su sede a Madrid para garantizar su seguridad operativa;
297;EM;"
La juez ordena investigar el tráfico de llamadas de Trapero, Laplana y los líderes de ANC y Òmnium
";http://www.elmundo.es/espana/2017/10/20/59e9fee5468aeb6e5b8b45b6.html;;
298;EM;"Retirada en cajeros: ""Si ellos defienden su dinero, yo el mío""";http://www.elmundo.es/cataluna/2017/10/20/59e9bc10ca4741116a8b4609.html;;
299;EM;Enfado del PDeCAT con ERC por el cartel a favor de los Jordis;http://www.elmundo.es/cataluna/2017/10/20/59e9bcfd46163ff1068b46a1.html;;
300;EM;"""Sànchez y Cuixart defendían la libertad de expresión""";http://www.elmundo.es/deportes/futbol/2017/10/20/59ea0359ca47415b0d8b465d.html;;
301;EM;Rechazan declarar persona non grata a la Casa Real;http://www.elmundo.es/cataluna/2017/10/20/59e9e6b446163fd4198b4597.html;;
302;EM;Muere a los 81 años el actor argentino Federico Luppi;http://www.elmundo.es/cultura/2017/10/20/59e9edc7e2704eb7148b464a.html;;
303;EM;Luppi en siete películas míticas;http://www.elmundo.es/cultura/cine/2017/10/20/59ea21b2e2704e23078b462c.html;;
304;EM;Identificados 800 turistas británicos por falsas intoxicaciones en Baleares;http://www.elmundo.es/baleares/2017/10/20/59e9ebefe5fdea81528b4609.html;;
305;EM;La principal eléctrica de Portugal, acusada de los incendios de junio;http://www.elmundo.es/internacional/2017/10/20/59e9ddb422601dce148b45ba.html;;
306;EM;Letizia 'hollywoodiense';http://www.elmundo.es/yodona/lifestyle/reina-letizia/2017/10/20/59ea3d8246163ff22c8b45f4.html;;
307;EM;Los 'All Blacks' ofrecen un 'haka' al público;http://videos.elmundo.es/v/0_xve1i51f-los-all-blacks-ofrecen-un-haka-al-publico;;
308;EM;El 'look' de la Reina, al detalle;http://www.elmundo.es/album/yodona/moda/2017/10/20/59ea29fc46163fe6328b45e5.html;;
309;EM;Todas las fotos de los Premios;http://www.elmundo.es/album/loc/famosos/2017/10/20/59ea1fd5e5fdea43768b4632.html;;
310;EM;"Una edil de Cs, contra Rommy Arce: ""Vino de Perú a cargarse España""";http://www.elmundo.es/madrid/2017/10/20/59e9c65c22601de45c8b45b4.html;;
311;EM;50 muertos en dos ataques contra mezquitas en Afganistán;http://www.elmundo.es/internacional/2017/10/20/59ea239e468aeb1b448b4605.html;;
312;EM;Hallan muerto al mando que ordenó violar a trabajadoras de ONG;http://www.elmundo.es/internacional/2017/10/20/59ea14f022601d9c718b4613.html;;
313;EM;El funcionario que provocó que imputaran a cargos, expedientado;http://www.elmundo.es/andalucia/2017/10/20/59ea00b5e2704e621e8b460f.html;;
314;EM;Un 'papa' rastafari en el Vaticano de África;http://www.elmundo.es/cronica/2017/10/20/59e243d5468aebc7218b460d.html;;
315;EM;La nueva vida, como padre y repartidor de congelados, del campeón superligero;http://www.elmundo.es/cronica/2017/10/20/59e1037fca47411b348b4607.html;;
316;EM;Google pagará a quien consiga hackear las apps de Android;http://www.elmundo.es/tecnologia/2017/10/20/59e9cec1468aebb6328b458a.html;;
317;EM;Melanie Griffith revela que sufre epilepsia;http://www.elmundo.es/loc/celebrities/2017/10/20/59e9eed5e5fdeaba1a8b45f5.html;Diagnosticada en 2011;
318;EM;Playboy dedica por primera vez sus páginas centrales a una modelo transexual;http://www.elmundo.es/television/2017/10/20/59e9a8bf468aebe27e8b46b9.html;;
319;EM;El placer de correr con tus hijos;http://www.correresdevalientes.elmundo.es/vida-sana/el-placer-de-correr-con-tus-hijos;;
320;EM;Del contrachapado al mineral, del plumín al software aeronáutico;http://www.elmundo.es/cultura/2017/10/17/59e4a1c7ca47417e258b460d.html;;
321;EM;"Bunbury: ""No me interesa hablar con quien no escucha""";http://www.elmundo.es/cultura/musica/2017/10/19/59e917b946163f30658b4664.html;Entrevista;
322;EM;Sexo con 60 mujeres y droga gratis: la fiesta más salvaje de Colombia;http://www.elmundo.es/f5/comparte/2017/10/20/59e8c03022601d085f8b4634.html;;
323;EM;Gigantes de cine: 4 actores con gigantismo o acromelagia;http://cinemania.elmundo.es/noticias/gigantes-la-interpretacion-4-actores-acromegalia/;;
324;EM;Recetas para solteros con la ayuda del microondas;http://www.elmundo.es/vida-sana/estilo-y-gastro/2017/10/20/59e87633e5fdeaa4518b4670.html;;
325;EM;El director de seguridad de Renfe, investigado;http://www.elmundo.es/sociedad/2017/10/20/59ea1332e5fdea4e418b4609.html;Tribunales;
326;EM;Pfizer retirará en Francia un fármaco para inducir el parto;http://www.elmundo.es/ciencia-y-salud/salud/2017/10/20/59ea0db722601de34b8b4603.html;A partir del 1 de marzo de 2018;
327;EM;Detenida por pagar su boda con la tarjeta de su amiga;http://www.elmundo.es/comunidad-valenciana/castellon/2017/10/20/59e9f081e2704e58648b460f.html;Realizó 22 cargos por valor superior a 6.200 euros;
328;EM;Los plagios del ex rector de la Rey Juan Carlos, investigados;http://www.elmundo.es/madrid/2017/10/20/59e9be7222601d82018b4613.html;;
329;EM;LA ALIANZA NACIONAL-POPULISTA;http://www.elmundo.es/opinion/2017/10/20/59e8cbd9e5fdeab30f8b45ba.html;"""Lo que estamos viviendo en Cataluña es algo muy moderno: el asalto al Estado de derecho...""";
330;EM;"""Cumplimos años en un país mal abrochado. Mal rematado. Mal pensado""";http://www.elmundo.es/opinion/2017/10/20/59e8fd87e2704e79508b456e.html;;
331;EM;"""La Alemania nazi y la Rusia soviética se parecieron más de lo que esperaba Gide""";http://www.elmundo.es/opinion/2017/10/20/59e8dc63e2704e5c3e8b4692.html;;
332;EM;"""Mañana por la mañana, más bien temprano, con luz natural...""";http://www.elmundo.es/opinion/2017/10/20/59e8d0fb22601da5438b4671.html;;
333;EM;¿Por qué ha renovado Fernando Alonso con McLaren?;http://www.elmundo.es/deportes/formula-1/2017/10/20/59e9b1a746163f7e128b46bc.html;GP Estados Unidos;
334;EM;La falta de intensidad, el uso del móvil y la suplencia de Casillas;http://www.elmundo.es/deportes/futbol/2017/10/20/59ea2ed422601d3d0d8b4603.html;Oporto;
335;EM;La confesión de Neymar a Xavi en la boda de Messi;http://www.elmundo.es/deportes/futbol/2017/10/20/59e9c07a46163fe13b8b456e.html;;
336;EM;"""A ver si los próximos 100 días son más tranquilos""";http://www.elmundo.es/deportes/futbol/2017/10/20/59ea1c67ca474162268b464d.html;Barcelona vs Málaga (20:45 h.);
337;EM;Euroliga, en directo: Estrella Roja-Barcelona;http://www.elmundo.es/eventos/en-directo/2017/10/20/52401-estrella-roja-fc-barcelona-lassa/;;
338;EM;Drama en el Madrid: Kuzmic se rompe el ligamento cruzado;http://www.elmundo.es/deportes/baloncesto/2017/10/20/59e931ca46163f96658b4661.html;Lesiones;
339;EM;Leicester y Juventus ganaron más que el Madrid en la Champions;http://www.elmundo.es/deportes/futbol/2017/10/20/59ea0e28ca474162268b463b.html;;
340;EM;Crisis en la Selección: los motivos que llevaron al despido de Claramunt;http://www.elmundo.es/deportes/2017/10/20/59e8f12a46163f6a7b8b4697.html;Caso Federación;
341;EM;"""Los All Blacks están abiertos a cualquier identidad sexual""";http://www.elmundo.es/deportes/mas-deporte/2017/10/20/59e904be46163f805f8b4672.html;;
342;EM;Da el salto a las universidades internacionales;http://potenciatupyme.elmundo.es/video/una-guia-para-estudiantes-de-universidades-internacionales;;
343;EM;Un pub embrujado es captado por una cámara de seguridad;http://videos.elmundo.es/v/0_shmnyuuw-un-pub-embrujado-es-captado-por-una-camara-de-seguridad;;
344;EM;Whatsapp informará sobre tu localización en tiempo real;http://videos.elmundo.es/v/0_7ulc3gjz-whatsapp-informara-sobre-tu-localizacion-en-tiempo-real;;
345;EM;Un padre inventa un simulador de bicis para su hijo;http://videos.elmundo.es/v/0_14bchssk-un-padre-inventa-un-simulador-de-bicis-para-su-hijo;;
346;EM;Atraca un hotel con la máscara de un soldado imperial;http://videos.elmundo.es/v/0_17m4c30c-atraca-un-hotel-con-la-mascara-de-un-soldado-imperial;;
347;LR;Felipe VI: «España tiene que hacer frente a un inaceptable intento de secesión»;http://www.larazon.es//cultura/en-directo-oviedo-acoge-la-xxxvii-edicion-de-los-premios-princesa-de-asturias-FF16640656;"Felipe VI ha destacado durante su discurso en la entrega de los Premios Príncesa de Asturias que ""España tiene que hacer frente a un inaceptable intento de secesión en una parte de su territorio nacional, y lo resolverá por medio de sus legítimas instituciones democráticas, dentro del respeto a nuestra Constitución"".";
348;LR;Tusk: «La ley tiene que ser respetada por todos»;http://www.larazon.es//cultura/tusk-el-dialogo-es-siempre-mejor-que-el-conflicto-GF16641263;;
349;LR;Tajani rechaza los egoísmos nacionalistas y pide no levantar fronteras entre europeos ;http://www.larazon.es//cultura/tajani-defender-nuestra-unidad-dentro-de-la-diversidad-nos-hace-mas-fuertes-JF16640449;;
350;LR;Juncker: «La fuerza de Europa es fundamentarse en la regla del Derecho»;http://www.larazon.es//cultura/juncker-la-fuerza-de-europa-es-fundamentarse-en-la-regla-del-derecho-CF16641553;;
351;LR;Así ha sido la «haka» de los All Blacks en los Premios Princesa de Asturias;http://www.larazon.es//cultura/asi-ha-sido-la-haka-de-los-all-blacks-en-los-premios-princesa-de-asturias-CF16641377;Ver vídeo;
352;LR;Adam Zagajewski: «La poesía no está de moda»;http://www.larazon.es//cultura/adam-zagajewski-la-poesia-no-esta-de-moda-LF16641129;;
353;LR;Mundstock, de Les Luthiers: «El humor es pura comunicación y mejora la vida»;http://www.larazon.es//cultura/mundstock-de-les-luthiers-el-humor-es-pura-comunicacion-y-mejora-la-vida-MF16640378;;
354;LR;Montebello reivindica la cultura como nexo de unión en un mundo fragmentado;http://www.larazon.es//cultura/montebello-reivindica-la-cultura-como-nexo-de-union-en-un-mundo-fragmentado-CF16641210;;
355;LR;Rajoy asiste a su primera entrega de los Premios Princesa de Asturias ;http://www.larazon.es//cultura/rajoy-asiste-a-su-primera-entrega-de-los-premios-princesa-de-asturias-IF16641081;;
356;LR;Rajoy: «En Cataluña hemos llegado a una situación límite que obliga al Ejecutivo a actuar»;http://www.larazon.es//espana/rajoy-hay-que-recuperar-la-legalidad-en-cataluna-KC16638750;"El presidente del Gobierno, Mariano Rajoy, ha asegurado hoy que en Cataluña ""hemos llegado a una situación límite"" que obliga al Ejecutivo a actuar y ha confesado tener la sensación de que ""es lo que se pretendía por parte de algunos"".";
357;LR; Tres consejeros amenazan a Puigdemont con dimitir si se aprueba la DUI por decreto;http://www.larazon.es//espana/tres-consejeros-de-la-cup-amenazan-con-dimitir-si-se-aprueba-la-dui-por-decreto-JC16632209;;
358;LR;Méndez de Vigo: «El 155 no es suspender la autonomía de Cataluña»;http://www.larazon.es//espana/mendez-de-vigo-ve-prematuro-hablar-de-la-fecha-de-las-elecciones-catalanas-LC16639332;Ver vídeo;
359;LR;PSOE, Cs y PP llegan a un acuerdo para celebrar elecciones en Cataluña en enero;http://www.larazon.es//espana/psoe-y-pp-pactan-celebrar-elecciones-en-cataluna-en-enero-GC16635120;Ver vídeo;
360;LR;La juez Lamela ordena investigar el tráfico de llamadas de Trapero, Laplana y los líderes de ANC y Òmnium;http://www.larazon.es//espana/la-juez-lamela-ordena-investigar-el-trafico-de-llamadas-de-trapero-laplana-y-los-lideres-de-anc-y-omnium-GF16640530;;
361;LR;La salida de empresas de Cataluña se dispara: 268 en un sólo día;http://www.larazon.es//economia/la-salida-de-empresas-de-cataluna-se-dispara-268-en-un-solo-dia-HF16640513;;
362;LR;La histórica Cementos Molins traslada su sede social a Madrid;http://www.larazon.es//economia/la-historica-cementos-molins-traslada-su-sede-social-a-madrid-IF16641018;;
363;LR;La Guardia Civil registra el centro de tecnologías de la Generalitat;http://www.larazon.es//espana/la-guardia-civil-entra-en-el-centro-de-tecnologias-de-la-generalitat-HC16634047;;
364;LR;Directo | El PSC se desmarca del PSOE y rechaza el 155 ;http://www.larazon.es//espana/directo-puigdemont-apura-el-plazo-para-responder-a-rajoy-GA16615892;;
365;LR;Fracasa el órdago de ANC y Òmnium de retirar el dinero de los principales bancos;http://www.larazon.es//espana/la-resistencia-de-anc-y-omnium-retirar-el-dinero-de-los-principales-bancos-LC16632119;;
366;LR;El Senado limitará las funciones del Parlament;http://www.larazon.es//espana/el-senado-limitara-las-funciones-del-parlament-EC16632251;;
367;LR;Exclusiva: Declaraciones de Laplana y Trapero;http://www.larazon.es//espana/exclusiva-declaraciones-de-laplana-y-trapero-PF16640935;;
368;LR;En 2015 Forcadell ya prometía «papeles para todos» a los inmigrantes;http://www.larazon.es//espana/en-2015-forcadell-ya-prometia-papeles-para-todos-a-los-inmigrantes-FC16639518;Ver vídeo;
369;LR;El TC no suspenderá el 155 de forma automática si lo recurre la Generalitat;http://www.larazon.es//espana/el-tc-no-suspendera-el-155-de-forma-automatica-si-lo-recurre-la-generalitat-KC16632181;;
370;LR;¿Un 155 educativo?: Recuperar el castellano y revisar los libros de texto;http://www.larazon.es//sociedad/un-155-educativo--recuperar-el-castellano-y-revisar-los-libros-de-texto-BC16631819;Una hipotética aplicación del artículo implicaría cumplir las sentencias que obligan a que el 25% de las clases se imparta en la lengua vehicular para los alumnos que lo soliciten y eliminar de los manuales las falsedades históricas.;
371;LR;Los proetarras llenan Vitoria de carteles por el acercamiento de presos ;http://www.larazon.es//espana/los-proetarras-llenan-vitoria-de-carteles-por-el-acercamiento-de-presos-CF16641704;;
372;LR;Quentin Tarantino conocía los abusos de Weinstein;http://www.larazon.es//lifestyle/gente/quentin-tarantino-conocia-los-abusos-de-weinstein-FF16641675;;
373;LR;Detenida en Málaga con 51 bellotas de cocaína ocultas en su organismo;http://www.larazon.es//sociedad/detenida-en-malaga-con-51-bellotas-de-cocaina-ocultas-en-su-organismo-LC16636793;;
374;LR;Muere a los 81 años el actor Federico Luppi;http://www.larazon.es//cultura/muere-a-los-81-anos-el-actor-federico-luppi-DF16640113;El actor argentino Federico Luppi, de 81 años, ha fallecido en un centro médico de Buenos Aires debido a las complicaciones de un hematoma que sufrió en abril pasado, cuando tropezó y se dio un golpe en la cabeza.;
375;LR;Obama y Bush critican veladamente a Trump;http://www.larazon.es//internacional/obama-y-bush-critican-veladamente-a-trump-OF16640871;Ver vídeo;
376;LR;May vincula la factura de divorcio del «brexit» al acuerdo sobre las futuras relaciones;http://www.larazon.es//internacional/la-ue-acuerda-preparar-las-negociaciones-sobre-la-futura-relacion-con-reino-unido-OC16636866;;
377;LR;El Real Madrid busca pívot ;http://www.larazon.es//deportes/baloncesto/el-real-madrid-busca-pivot-NF16641158;;
378;LR;La equiparación salarial entre Policías del Estado llega el Congreso;http://www.larazon.es//espana/articulo-LC16636836;El Congreso admite a trámite la Iniciativa Legislativa Popular impulsada por Jusapol para equipar los sueldos de la Policía y la Guardia Civil con el resto de Policías del Estado. Ahora, el reto es conseguir 500.000 firmas.;
379;LR;Ágatha Ruiz de la Prada, Premio Nacional de Diseño de Moda ;http://www.larazon.es//lifestyle/moda/agatha-ruiz-de-la-prada-premio-nacional-de-diseno-de-moda-KC16639300;;
380;LR;Toulouse mira al cielo;http://www.larazon.es//viajes/toulouse-mira-al-cielo-IC16633128;;
381;LR;Atresmedia, la más valorada en innovación e información;http://www.larazon.es//tv-y-comunicacion/tv-news/atresmedia-la-mas-valorada-en-innovacion-e-informacion-JC16632469;;
382;LR;Las razas no existen tal y como las entendemos;http://www.larazon.es//sociedad/ciencia/las-razas-no-existen-tal-y-como-las-entendemos-EC16633034;;
383;LR;Keylor sufre una lesión muscular tras forzar su regreso;http://www.larazon.es//deportes/futbol/keylor-sufre-una-lesion-muscular-tras-forzar-su-regreso-CC16637252;;
384;LR;¿Qué pastilla se tomó Messi en pleno partido?;http://www.larazon.es//viralizate/que-pastilla-se-tomo-messi-en-pleno-partido-HD16624762;Ver vídeo;
385;LR;82-69 Real Madrid-CSKA Moscú: Campazzo enciende la mecha;http://www.larazon.es//deportes/baloncesto/campazzo-enciende-la-mecha-MC16631519;;
386;LR;Tricicle, un adiós sin palabras;http://www.larazon.es//cultura/teatro/tricicle-un-adios-sin-palabras-AC16632525;;
387;LR;Primavera Club, regreso y sorpresa ;http://www.larazon.es//cultura/musica/primavera-club-regreso-y-sorpresa-IC16632497;;
388;LR;«¡Lumière!», con ellos empezó todo;http://www.larazon.es//cultura/cine/lumiere-con-ellos-empezo-todo-IC16632659;El director del Festival de Cannes explica el origen de las técnicas y géneros del cine a través de un filme compuesto por 108 cortometrajes de menos de un minuto de los hermanos inventores.;
389;LR;Gerard Butler:«Si no remamos en la misma dirección, adiós al planeta»;http://www.larazon.es//cultura/cine/gerard-butler-si-no-remamos-en-la-misma-direccion-adios-al-planeta-GC16632631;;
390;LR;«Billy Elliot»: Que no pare de bailar;http://www.larazon.es//cultura/teatro/billy-elliot--que-no-pare-de-bailar-BC16632553;;
391;LR;«En el silencio»;http://www.larazon.es//cultura/libros/de-la-gran-guerra-al-everest-NA16527831;Autor: Wade Davis Editorial: Pre-textos 1.143 Páginas Precio: 45 euros;
392;LR;«Laëtitia o el fin de los hombres»;http://www.larazon.es//cultura/libros/el-asesinato-que-fue-asunto-de-estado-JA16527806;Autor: Ivan Jablonka Editorial: Anagrama 424 Páginas Precio: 20,90 eur.;
393;LR;«Ángeles en llamas»;http://www.larazon.es//cultura/libros/la-fascinacion-del-lado-oscuro-JA16527781;Autor: Tawni O´Dell Editorial: Planeta 272 Páginas Precio: 21,95 euros;
394;LR;«Entusiasmo»;http://www.larazon.es//cultura/libros/pablo-d-ors-en-estado-de-gracia-DA16527756;Autor: Pablo d’Ors Editorial: Galaxia Gutenberg 435 Páginas Precio: 21 euros;
395;LR;«Los días felices»;http://www.larazon.es//cultura/libros/un-dia-cada-cinco-anos-CA16527731;Autor: Mara Torres Editorial: Planeta 256 Páginas Precio: 19,50 euros;
396;LR;«El lenguaje en los medios de comunicación»;http://www.larazon.es//cultura/libros/el-buen-espanol-GA16527706;Autor: Fernando Vilches Editorial: Dickynson 338 Páginas Precio: 25 euros;
397;LR;Conchita: «Me encantan los retos»;http://www.larazon.es//cultura/musica/conchita-me-encantan-los-retos-AC16631100;;
398;LR;Conchita: «Lo más bonito que me pasa son los mensajes que me mandan»;http://www.larazon.es//cultura/musica/conchita-lo-mas-bonito-que-me-pasa-son-los-mensajes-que-me-mandan-EC16631489;Ver vídeo;
399;LR;Conchita presenta la reedición de su último disco «Incendios»;http://www.larazon.es//cultura/musica/conchita-presenta-la-reedicion-de-su-ultimo-disco-incendios-AA16610642;Ver vídeo;
400;LR;Con mucho respeto;http://www.larazon.es//opinion/columnistas/con-mucho-respeto-FC16631172;Desolado con las imágenes de Galicia y Asturias. La densidad del humo ha cubierto los cielos de Cantabria....;
401;LR;PP, PSOE y Cs: justicia para los agentes ;http://www.larazon.es//opinion/el-puntazo/pp-psoe-y-cs-justicia-para-los-agentes-BC16631451;;
402;LR;Un acoso intolerable;http://www.larazon.es//opinion/el-puntazo/un-acoso-intolerable-HC16631431;;
403;LR;Registradores que también se van;http://www.larazon.es//opinion/el-puntazo/registradores-que-tambien-se-van-MC16631409;;
404;LR;"El análisis de Marhuenda: «""Los Jordis"", si acaso, son presos de inconsciencia»";http://www.larazon.es//multimedia/el-videoblog-de-marhuenda/el-analisis-de-marhuenda-los-jodis-si-acaso-son-presos-de-inconsciencia-FL16598148;Ver vídeo;
405;LR;Europa cierra filas con Rajoy en la puesta en marcha del 155;http://www.larazon.es//opinion/editorial/europa-cierra-filas-con-rajoy-en-la-puesta-en-marcha-del-155-PC16632904;;
406;LR;Independencia;http://www.larazon.es//opinion/columnistas/independencia-FC16631307;Vuelvo a los caminos solitarios donde rige el silencio y la patria se reduce al pueblo sin nadie y a...;
407;LR;España con Cataluña;http://www.larazon.es//opinion/columnistas/espana-con-cataluna-JC16631338;Es una pena que nadie en el gobierno sea capaz de hacer el discurso patriótico, integrador y nacional...;
408;LR;El discurso del rey;http://www.larazon.es//opinion/columnistas/el-discurso-del-rey-CC16631267;Los premios Princesa de Asturias no serán este año tan solo un pago a veces estéril aunque necesario...;
409;LR;La constitución de los muertos;http://www.larazon.es//opinion/columnistas/la-constitucion-de-los-muertos-MC16631287;David del Cura entrevistó en «La Brújula» de Onda Cero a Eric Blanes, de la Asamblea Nacional Catalana....;
410;LR;Rajoy: «En Cataluña hemos llegado a una situación límite que obliga al Ejecutivo a actuar»;http://www.larazon.es//espana/rajoy-hay-que-recuperar-la-legalidad-en-cataluna-KC16638750;;
411;LR;La juez Lamela ordena investigar el tráfico de llamadas de Trapero, Laplana y los líderes de ANC y Òmnium;http://www.larazon.es//espana/la-juez-lamela-ordena-investigar-el-trafico-de-llamadas-de-trapero-laplana-y-los-lideres-de-anc-y-omnium-GF16640530;;
412;LR;El consejero Vila critica el llamamiento de la ANC a boicotear los bancos;http://www.larazon.es//espana/consejeros-del-pdecat-desautorizan-a-la-anc-y-omnium-en-su-ataque-a-la-banca-JC16635408;Ver vídeo;
413;LR;Aznar avisa a Rajoy: «La reforma constitucional no debe ser un pago al plazos al secesionismo»;http://www.larazon.es//espana/aznar-avisa-a-rajoy-la-roforma-constitucional-no-debe-ser-un-pago-al-plazos-al-secesionismo-ND16624999;;
414;LR;El TS rechaza la petición de la Generalitat de suspender la intervención de sus cuentas;http://www.larazon.es//espana/el-ts-rechaza-la-peticion-del-govern-de-suspender-la-intervencion-de-las-cuentas-KD16624529;;
415;LR;El Tribunal de Cuentas da 15 días más a Mas para que abone toda la fianza;http://www.larazon.es//espana/el-tribunal-de-cuentas-da-15-dias-mas-a-mas-para-que-abone-toda-la-fianza-LD16622559;;
416;LR;La Fiscalía no recurrirá la libertad de Trapero ;http://www.larazon.es//espana/la-fiscalia-no-recurrira-la-libertad-de-trapero-porque-se-le-sigue-investigando-DA16617532;;
417;LR;La productora del  ‘vídeo del odio’, subvencionada por España;http://www.larazon.es//espana/la-productora-del-video-del-odio-subvencionada-por-espana-OA16618574;;
418;LR;El director de Vilaweb celebra la marcha de empresas de Cataluña;http://www.larazon.es//espana/partal-vilaweb-celebra-la-marcha-de-empresas-de-cataluna-ED16621140;Ver vídeo;
419;LR;Al menos 20 muertos en dos atentados contra mezquitas de Afganistán;http://www.larazon.es//internacional/al-menos-diez-muertos-en-un-ataque-contra-una-mezquita-chii-en-kabul-BF16640760;;
420;LR;El Estado Islámico se retira del mayor campo de petróleo de Siria;http://www.larazon.es//internacional/el-estado-islamico-se-retira-del-mayor-campo-de-petroleo-de-siria-NF16640184;;
421;LR;No gracias, Ionesco;http://www.larazon.es//espana/no-gracias-ionesco-DC16631882;;
422;LR;El escrutinio final en Austria confirma el giro a la derecha;http://www.larazon.es//espana/el-escrutinio-final-en-austria-confirma-el-giro-a-la-derecha-NC16631950;;
423;LR;Un desaparecido eclipsa el cierre de campaña de Macri;http://www.larazon.es//internacional/un-desaparecido-eclipsa-el-cierre-de-campana-de-macri-AC16631919;;
424;LR;Estados Unidos pide a un gobierno de unidad palestino el reconocimiento de Israel;http://www.larazon.es//internacional/estados-unidos-pide-a-un-gobierno-de-unidad-palestino-el-reconocimiento-de-israel-HA16617743;;
425;LR;Al menos 43 muertos en un ataque talibán contra una base militar en Afganistán;http://www.larazon.es//internacional/al-menos-43-muertos-en-un-ataque-taliban-contra-una-base-militar-en-afganistan-BA16614454;;
426;LR;Los observadores invitados por el Govern al 1-O, admirados por la organización de los colegios electorales;http://www.larazon.es//internacional/los-observadores-invitados-por-el-govern-al-1-o-admirados-por-la-organizacion-de-los-colegios-electorales-FA16613336;;
427;LR;La salida de empresas de Cataluña se dispara: 268 en un sólo día;http://www.larazon.es//economia/la-salida-de-empresas-de-cataluna-se-dispara-268-en-un-solo-dia-HF16640513;;
428;LR;La prima de riesgo española cae a 121 puntos básicos al cierre de la semana;http://www.larazon.es//economia/la-prima-de-riesgo-espanola-cae-a-121-puntos-basicos-al-cierre-de-la-semana-AF16641054;;
429;LR;Los registradores se suman a las empresas y se van de Cataluña;http://www.larazon.es//economia/los-registradores-se-suman-a-las-empresas-y-se-van-de-cataluna-GC16631766;;
430;LR;El IBEX sube un 0,25 % y recupera los 10.200 puntos animada por Wall Street;http://www.larazon.es//economia/el-ibex-35-apenas-avanza-un-0-03-y-no-logra-asegurar-los-10-200-puntos-MC16635180;;
431;LR;Atlantia valora subir el efectivo en la puja por Abertis;http://www.larazon.es//economia/atlantia-valora-subir-el-efectivo-en-la-puja-por-abertis-NC16631738;;
432;LR;Cae una mafia de la inmigración que traficó con centenares de ciudadanos subsaharianos;http://www.larazon.es//sociedad/cae-una-mafia-de-la-inmigracion-que-trafico-con-centenares-de-ciudadanos-subsaharianos-GC16636819;;
433;LR;Ahorra en tu cesta de la compra con OCU;http://www.larazon.es//blogs/sociedad-y-medio-ambiente/ocu-responde/ahorra-en-tu-cesta-de-la-compra-con-ocu-BC16634005;Ver vídeo;
434;LR;Detenida en Málaga con 51 bellotas de cocaína ocultas en su organismo;http://www.larazon.es//sociedad/detenida-en-malaga-con-51-bellotas-de-cocaina-ocultas-en-su-organismo-LC16636793;;
435;LR;Casi cuatro años de prisión para la dueña de una protectora que sacrificaba a los animales de manera indiscriminada;http://www.larazon.es//sociedad/casi-cuatro-anos-de-prision-para-la-duena-de-una-protectora-que-sacrificaba-a-los-animales-de-manera-indiscriminada-PD16629745;Ver vídeo;
436;LR;Muere un turista español en Florencia golpeado por la piedra de una iglesia;http://www.larazon.es//sociedad/muere-un-turista-espanol-en-florencia-golpeado-por-la-piedra-de-una-iglesia-HD16625471;;
437;LR;Siete hombres y 2 mujeres juzgarán a Sergio Morate por matar a Laura y a Marina;http://www.larazon.es//sociedad/siete-hombres-y-2-mujeres-juzgaran-a-sergio-morate-por-matar-a-laura-y-a-marina-JD16624793;;
438;LR;Un niño de siete años va más allá que su profesor y convierte un ejercicio normal en uno lógico;http://www.larazon.es//viralizate/un-nino-de-siete-anos-va-mas-alla-que-su-profesor-y-convierte-un-ejercicio-normal-en-uno-logico-DD16629846;;
439;LR;Un muerto en un accidente en Cáceres con 45 vehículos implicados;http://www.larazon.es//sociedad/un-muerto-en-un-accidente-en-caceres-con-45-vehiculos-implicados-GD16624453;Ver vídeo;
440;LR;Keven Mealamu y Jordie Barret: «Sorprende que se nos vea como una leyenda»;http://www.larazon.es//deportes/keven-mealamu-y-jordie-barret-sorprende-que-se-nos-vea-como-una-leyenda-HC16631710;;
441;LR;2-2. Un gol de Williams saca a última hora al Athletic del precipicio;http://www.larazon.es//deportes/futbol/2-2-un-gol-de-williams-saca-a-ultima-hora-al-athletic-del-precipicio-KC16630578;;
442;LR;Mejor con once y con diez ;http://www.larazon.es//deportes/futbol/en-directo-barcelona-olympiacos-FA16611004;;
443;LR;Impotente Atlético ;http://www.larazon.es//deportes/futbol/en-directo-qarabag-atletico-PB16609512;;
444;LR;Fernando Alonso, el piloto que vale 100.000 euros al día;http://www.larazon.es//deportes/formula1/fernando-alonso-renueva-con-mclaren-OD16626976;;
445;LR;0-6. Willian José torpedea al Vardar en Skopje;http://www.larazon.es//deportes/futbol/0-6-willian-jose-torpedea-al-vardar-en-skopje-EC16630774;;
446;LR;María José Claramunt, despedida como directora de la selección española;http://www.larazon.es//deportes/futbol/maria-jose-claramunt-despedida-como-directora-de-la-seleccion-espanola-LD16626159;;
447;LR;Carmena se guarda un as para la campaña electoral;http://www.larazon.es//local/madrid/la-reforma-de-la-gran-via-de-madrid-costara-9-millones-y-durara-trece-meses-AD16624411;El Ayuntamiento anuncia que terminará la remodelación de la arteria de la capital en la primavera de 2019. Las obras del proyecto estrella de Ahora Madrid costarán  nueve millones de euros, casi el doble de lo previsto.;
448;LR;Plaza Río 2:  escenario de la carrera por el empleo;http://www.larazon.es//local/madrid/plaza-rio-2-escenario-de-la-carrera-por-el-empleo-DC16631673;;
449;LR;Segunda vuelta a la Ley de gratuidad de los libros de texto;http://www.larazon.es//local/madrid/segunda-vuelta-a-la-ley-de-gratuidad-de-los-libros-de-texto-LC16631648;;
450;LR;Harvey Weinstein: décadas de abusos encubiertos por Hollywood ;http://www.larazon.es//lifestyle/gente/harvey-weinstein-decadas-de-abusos-encubiertos-por-hollywood-MC16634484;Weinstein ha pasado de productor de éxito a empresario despedido de su propia compañía, investigado por la policía neoyorkina y abandonado por su esposa.;
451;LR;Cristian Martínez y Mara Moral, Rey y Reina Belleza España 2017;http://www.larazon.es//lifestyle/gente/cristian-martinez-y-mara-moral-rey-y-reina-belleza-espana-2017-FF16640599;Cristian Martínez Jabonero y Mara Moral Rodríguez se han convertido en los nuevos Rey y Reina Belleza...;
452;LR;Franco de Vita y ASEVED se unen para ayudar a Venezuela;http://www.larazon.es//blogs/politica/el-blog-de-la-sociedad-civil/franco-de-vita-y-aseved-se-unen-para-ayudar-a-venezuela-KC16636936;El cantautor invita a todos los asistentes a llevar medicamentos al concierto, que serán enviados a Venezuela.;
453;LR;Eva González: «Hay tiempo para saber el sexo del bebé»;http://www.larazon.es//lifestyle/gente/eva-gonzalez-hay-tiempo-para-saber-el-sexo-del-bebe-EC16630325;La actriz, embarazada de cinco meses, presenta junto a José Coronado y Kike Maíllo la nueva campaña de Cortefiel;
454;LR;Saber aprender del fracaso: la clave del emprendimiento ;http://www.larazon.es//blogs/lifestyle/la-razon-y-el-corazon/saber-aprender-del-fracaso-la-clave-del-emprendimiento-DL16595666;Ver vídeo;
455;LR;Boicot Cataluña-España: Causas y sinrazones;http://www.larazon.es//blogs/lifestyle/un-pais-de-servicios-y-experiencias/boicot-creer-sospechas-y-negar-verdades-DF16573356;;
456;LR;Los beneficios de actividades como tejer, tricotar o hacer pompones... tanto para niños como para niñas;http://www.larazon.es//blogs/lifestyle/de-charco-en-charco/los-beneficios-de-actividades-como-tejer-tricotar-o-hacer-pompones-tanto-para-ninos-como-para-ninas-PH16550780;;
457;LR;Guía práctica de primeros auxilios para padres, elaborado por el Hospital Niño Jesús de Madrid.;http://www.larazon.es//blogs/lifestyle/de-charco-en-charco/guia-practica-de-primeros-auxilios-para-padres-elaborado-por-el-hospital-nino-jesus-de-madrid-FG16452034;;
458;LR;Muere a los 81 años el actor Federico Luppi;http://www.larazon.es//cultura/muere-a-los-81-anos-el-actor-federico-luppi-DF16640113;;
459;LR;Tajani rechaza los egoísmos nacionalistas y pide no levantar fronteras entre europeos ;http://www.larazon.es//cultura/tajani-defender-nuestra-unidad-dentro-de-la-diversidad-nos-hace-mas-fuertes-JF16640449;;
460;LR;Rajoy asiste a su primera entrega de los Premios Princesa de Asturias ;http://www.larazon.es//cultura/rajoy-asiste-a-su-primera-entrega-de-los-premios-princesa-de-asturias-IF16641081;La ciudad de Oviedo acoge este viernes la ceremonia de entrega de los Premios Princesa de Asturias,...;
461;LR;Mundstock, de Les Luthiers: «El humor es pura comunicación y mejora la vida»;http://www.larazon.es//cultura/mundstock-de-les-luthiers-el-humor-es-pura-comunicacion-y-mejora-la-vida-MF16640378;;
462;LR;Conchita: «Me encantan los retos»;http://www.larazon.es//cultura/musica/conchita-me-encantan-los-retos-AC16631100;Ver vídeo;
463;LR;Colson Whitehead:  «La esclavitud no se estudia en el colegio»;http://www.larazon.es//cultura/colson-whitehead-la-esclavitud-no-se-estudia-en-el-colegio-DA16613088;;
464;LR;Kentridge, un artista a un carboncillo pegado;http://www.larazon.es//cultura/kentridge-un-artista-a-un-carboncillo-pegado-BA16613046;;
465;LR;La ley de la compasión de Karen Armstrong;http://www.larazon.es//la-ley-de-la-compasion-de-karen-armstrong-JL16597806;;
466;LR;Abrir la temporada con alegría;http://www.larazon.es//cultura/musica/abrir-la-temporada-con-alegria-FA16613116;;
467;LR;Los cigarrillos electrónicos pueden causar respuestas inmunes dañinas;http://www.larazon.es//atusalud/los-cigarrillos-electronicos-pueden-causar-respuestas-inmunes-daninas-LC16632988;Los cigarrillos electrónicos parecen desencadenar respuestas   inmunes únicas, así como las mismas...;
468;LR;Caminar muy poquito también es bueno;http://www.larazon.es//atusalud/caminar-muy-poquito-tambien-es-bueno-DB16609309;Un nuevo estudio que se publica en la edición digital de ‘American   Journal of Preventive Medicine’...;
469;LR;¿Qué deporte debes practicar según tu profesión? ;http://www.larazon.es//atusalud/salud/que-deporte-debes-practicar-segun-tu-profesion-OB16602837;Los trabajadores de oficina sufren problemas de vista y cervicales mientras que los altos directivos acusan altos niveles de estrés.;
470;LR;La resiliencia se aprende... y es muy útil;http://www.larazon.es//atusalud/la-resiliencia-se-aprende-y-es-muy-util-OK16585812;La resiliencia o capacidad de afrontar la adversidad, superarla y salir fortalecido se puede aprender...;
471;LR;Ahorra en tu cesta de la compra con OCU;http://www.larazon.es//blogs/sociedad-y-medio-ambiente/ocu-responde/ahorra-en-tu-cesta-de-la-compra-con-ocu-BC16634005;Ver vídeo;
472;LR;Tendencias para Novias de Otoño 2018;http://www.larazon.es//blogs/sociedad-y-medio-ambiente/tu-evento-del-ano/tendencias-para-novias-de-otono-2018-FA16610243;;
473;LR;«Creo que el mensaje y el apoyo del Sumo Pontífice es clarísimo»;http://www.larazon.es//blogs/sociedad-y-medio-ambiente/diplomacia-del-siglo-xxi/creo-que-el-mensaje-y-el-apoyo-del-sumo-pontifice-es-clarisimo-CF16575997;;
474;LR;Nuevas sentencias en favor de los afectados por la compra de vivienda sobre plano condenan a varias entidades bancarias a pagar más de 800.000 euros;http://www.larazon.es//blogs/sociedad-y-medio-ambiente/el-defensor-de-tu-vivienda/nuevas-sentencias-en-favor-de-los-afectados-por-la-compra-de-vivienda-sobre-plano-condenan-a-varias-entidades-bancarias-a-pagar-mas-de-800-000-euros-OF16575874;;
475;LR;Luis Miguel, Ana Torroja, Cyndi Lauper, Christina Aguilera y Salvador Sobral pisan fuerte el plató de ‘Tu cara me suena’ ;http://www.larazon.es//tv-y-comunicacion/tv-news/luis-miguel-ana-torroja-cyndi-lauper-christina-aguilera-y-salvador-sobral-pisan-fuerte-el-plato-de-tu-cara-me-suena-EC16637614;Antena 3 emite esta noche en Prime Time, la cuarta gala de la sexta edición de ‘Tu cara me suena’,...;
476;LR;Javier Bardají: «La televisión en abierto es imbatible como soporte publicitario» ;http://www.larazon.es//tv-y-comunicacion/tv-news/javier-bardaji-la-television-en-abierto-es-imbatible-como-soporte-publicitario-LA16613228;;
477;LR;Atresmedia gana 103,5 millones hasta septiembre, un 1,9% más;http://www.larazon.es//tv-y-comunicacion/atresmedia-gana-103-5-millones-hasta-septiembre-un-1-9-mas-GA16613612;;
